Manuscript ID,Date of Rejection,Reject Reason,Title,First Author,Corr Author,Co-Authors,Subject Category,Editor,Submitted Journal,Article Type,Keywords,Custom,Funders
JSS76145,4/1/2001,Reject Open,"Erythrodiol-3-acetate, pentacyclic triterpenoid from Styrax japonica, expressions of matrix metalloproteinase in cultured human fibroblasts","Moon, Hyung-In","Chung, Jin Ho","Moon, Hyung-In; Seo, Dong Wan; Kim, Kyu-Han; Cho, Kwang-Hyun; Eun, Hee-Chul; Chung, Jin Ho",,"Kim, Soo-jin",Science Serial,,"Humans, Enzyme Inhibitors/isolation & purification, Skin/cytology, Gene Expression Regulation, Enzymologic/physiology, Skin/enzymology, Acetates/chemistry, Triterpenes/chemistry, Triterpenes/isolation & purification, Acetates/isolation & purification, Styrax*, Cells, Cultured, Fibroblasts/drug effects, Plant Extracts/isolation & purification, Oleanolic Acid/analogs & derivatives*, Male, Enzyme Inhibitors/pharmacology, Matrix Metalloproteinase 1/biosynthesis*, Fibroblasts/enzymology*, Skin/drug effects, Acetates/pharmacology, Child, Preschool, Child, Gene Expression Regulation, Enzymologic/drug effects, Matrix Metalloproteinase Inhibitors, Oleanolic Acid/pharmacology*, Triterpenes/pharmacology*, Matrix Metalloproteinase 2/biosynthesis*, Oleanolic Acid/chemistry, Plant Extracts/chemistry, Plant Stems, Oleanolic Acid/isolation & purification, Enzyme Inhibitors/chemistry, Plant Extracts/pharmacology",,
JSS50060,6/23/2012,Reject Open,A Programmable Dual-RNA-Guided DNA Endonuclease in Adaptive Bacterial Immune,"Jinek, Martin","Fonfara, I","Jinek, Martin; Chylinski, Krzysztof; Fonfara, I; Hauer, M; Doudna, J A.; Charpentier, E",,"Garcia, Luis",Science Serial,,"Deoxyribonucleases, Type II Site-Specific/metabolism*, Deoxyribonucleases, Type II Site-Specific/genetics, Inverted Repeat Sequences*, Streptococcus pyogenes/enzymology*, Plasmids/metabolism, Deoxyribonucleases, Type II Site-Specific/chemistry, DNA Breaks, Double-Stranded*, Molecular Sequence Data, RNA/metabolism*, Streptococcus pyogenes/physiology, Nucleic Acid Conformation, Base Sequence, Bacteriophages/immunology*, DNA Cleavage*, RNA/chemistry",,
JSS48881,1/1/1998,EDREJECT,"Ileal-lymphoid-nodular hyperplasia, non-specific colitis and pervasive developmental disease in children","Wakefield, AJ","Wakefield, AJ","Wakefield, AJ; Murch, SH; Anthony, A; Linnell, J; Casson, DM; Malik, M; Berelowitz, M; Dhillon, AP; Thomson, MA; Harvey, P; Valentine, A; Walker-Smith, JA",,"Patel, Priya",Chemistry Compendium,,"Developmental Disabilities/etiology*, Child, Humans, Vaccines, Combined/adverse effects, Male, Mumps Vaccine/adverse effects*, Child, Preschool, Hyperplasia/pathology, Lymphoid Tissue/pathology*, Female, Measles/complications, Measles-Mumps-Rubella Vaccine, Otitis Media/complications, Ileum/pathology*, Rubella Vaccine/adverse effects*, Measles Vaccine/adverse effects*, Enterocolitis/etiology*",,
JSS76940,7/17/2005,Reject Open,Suppression of RNA Recognition by Toll-like Receptors: The Impact of Nucleoside Modification and the Evolutionary Origin of RNA,"Kariko, Katalin","Weissman, Drew","Karikó, Katalin; Buckstein, Michael; Ni, Houping; Weissman, Drew",,"Garcia, Luis",Science Serial,,"Dendritic Cells/metabolism, Signal Transduction/physiology*, Toll-Like Receptor 7, Humans, Toll-Like Receptor 3, Signal Transduction/genetics, Nucleosides/metabolism*, Toll-Like Receptor 8, RNA/antagonists & inhibitors, Immunoglobulins/immunology, Cytokines/metabolism, Biomarkers, Receptors, Cell Surface/physiology*, Evolution, Molecular*, Dendritic Cells/drug effects, HLA-DR Antigens/immunology, Toll-Like Receptors, Dendritic Cells/immunology, CD83 Antigen, Membrane Glycoproteins/immunology, Phosphatidylethanolamines/pharmacology, RNA/metabolism*, Antigens, CD, RNA/genetics, Cell Line, Membrane Glycoproteins/physiology*",,
JSS61136,10/7/2009,EDREJECT,Tracheobronchial transplantation with a stem-cell-seeded bioartificial nanocomposite: a proof-of-concept study,"Macchiarini, Paolo","Jungebluth, P.","Jungebluth, Philipp; Alici, Evren; Baiguera, Silvia; Blomberg, Pontus; Bozóky, Béla; Crowley, Claire; Einarsson, Oskar; Gudbjartsson, Tomas; Le Guyader, Sylvie; Henriksson, Gert; Hermanson, Ola; Juto, Jan Erik; Leidner, Bertil; Lilja, Tobias; Liska, Jan; Luedde, Tom; Lundin, Vanessa; Moll, Guido; Roderburg, Christoph; Strömblad, Staffan; Sutlu, Tolga; Watz, Emma; Seifalian, Alexander; Macchiarini, Paolo",,"Kim, Soo-jin",Chemistry Compendium,,"Epoetin Alfa, Male, Recombinant Proteins/therapeutic use, Carcinoma, Mucoepidermoid/surgery, Leukocytes, Mononuclear/metabolism, Tissue Scaffolds*, Bioreactors, Blood Vessel Prosthesis, Bone Marrow Transplantation, Nanocomposites/chemistry, Neovascularization, Physiologic, Adult, Leukocytes, Mononuclear/transplantation*, Regeneration, Bronchoscopy, MicroRNAs/metabolism, Tracheal Neoplasms/surgery*, Cell Proliferation, Polyethylene Terephthalates, Erythropoietin/therapeutic use, Humans, Transplantation, Autologous, Hematopoietic Stem Cells/metabolism, Tissue Engineering/methods*, Neoplasm Recurrence, Local/surgery, Bronchial Neoplasms/surgery*, Flow Cytometry, Granulocyte Colony-Stimulating Factor/therapeutic use",,
JSS62519,6/10/1990,Reject,Superconductivity in molecular crystals induced by charged injections,"Schön, J. H.","Batlogg, B.","Schön, J. H.; Kloc, Ch.; Batlogg, B.",,"Patel, Priya",Medical Monthly,,"molecular crystals, charge injection, charge-transfer salts",,
JSS15074,2/6/2005,Reject Open,New Stellar Orbits around the Galactic Center Black Hole,"Ghez, A. M.","Ghez, A. M.","Ghez, A. M.; Salim, S.; Hornstein, S. D.; Tanner, A.; Lu, J. R.; Morris, M.; Becklin, E. E.; Duchêne, G.",,"Smith, John",Medical Monthly,,"dark mass, black hole, young stars, m telescope",,
JSS42224,5/9/2017,Reject and Refer without Review,The Forever Diamond: Contrast Reversals Along Thin Edges Create the Appearance of Objects in Motion,"Flynn, Oliver J.","Shapiro, Arthur","Flynn, Oliver J.; Shapiro, Arthur Gene",,"Garcia, Luis",Science Serial,,"luminous phase, modulation, temporal contrast, thin edges",,
JSS35047,8/7/2019,Reject and Refer without Review,Potential Applications to Treat Cancer with Green Synthesis of Metallic Nanoparticles ,"Zhang, Dan","Gu, Yan","Zhang, Dan; Ma, Xin-lei; Gu, Yan; Huang, He; Zhang, Guang-wei",,"Patel, Priya",Chemistry Compendium,,"green synthesis, nanoparticles, biological entities, metal nanoparticles",,
JSS96487,6/1/2020,Reject,Seasonal impact in admissions and burn profiles in a desert burn unit,"Saquib, Syed F.","Saquib, Syed F.","Saquib, Syed F.; Carroll, Joseph T.; Chestovich, Paul",,"Smith, John",Chemistry Compendium,,"seasonal impact, pavement burns, desert climate",,
JSS33657,8/8/2017,Reject,Immediate effects of treadmill walking in individuals with Lewy body dementia and Huntington’s disease,"Kegelmeyer, Debra","Kloos, A","Kegelmeyer, Deb A; Kostyk, Sandra K; Fritz, Nora E; Scharre, Douglas W; Young, Gregory S; Tan, Yubo; Schubert, Robin; Reilmann, Ralf; Kloos, Anne D",,"Kim, Soo-jin",Science Serial,,"Lewy Body Disease/physiopathology*, Pilot Projects, Walking/physiology*, Humans, Male, Treatment Outcome, Female, Exercise Therapy*, Huntington Disease/physiopathology*, Gait Disorders, Neurologic/therapy*, Middle Aged, Aged, 80 and over, Feasibility Studies, Aged",,
JSS88680,3/3/2021,Reject Open,"Overturned abusive head trauma and shaken baby syndrome convictions in the US: Prevalence, legal basis, and medical evidence","Narang, S.K.","Narang, S.K.","Narang, S.K.; Sachdev, K.K.; Bertocci, K.; Pierre-Wright, M.J.; Kaczor, K.; Bertocci, G.; Pierce, M.C.",,"Smith, John",Medical Monthly,,"Prevalence, Child, Retrospective Studies, Craniocerebral Trauma/etiology*, Humans, Craniocerebral Trauma/diagnosis*, United States/epidemiology, Shaken Baby Syndrome/epidemiology*, Child Abuse/diagnosis*, Craniocerebral Trauma/epidemiology*, Infant",,
JSS03709,8/18/2020,Reject and Refer,"Long COVID: major findings, mechanisms and recommendations","Davis, Hannah E.","Topol, Eric J.","Davis, Hannah E.; McCorkell, Lisa; Vogel, Julia Moore; Topol, Eric J.",,"Smith, John",Medical Monthly,,"Biomedical Research*, Humans, COVID-19 Testing, Post-Acute COVID-19 Syndrome, COVID-19*, Child, SARS-CoV-2",,
JSS72323,10/31/2022,EDREJECT,Large language models identify functional protein sequences across diverse families,"Madani, Ali","Naik, Nikhil","Madani, Ali; Krause, Ben; Greene, Eric R.; Subramanian, Subu; Mohr, Benjamin P.; Holton, James M.; Olmos, Jose Luis; Socher, Richard; Fraser, James S.; Naik, Nikhil",,"Patel, Priya",Medical Monthly,,"Estrogens, Conjugated (USP)*, Chorismate Mutase/metabolism, Language, Proteins/genetics*, Amino Acid Sequence",,
JSS93247,2/25/2023,Reject,"antiSMASH 7.0: new and improved predictions for detection, regulation, chemical structures and visualisations.","Blin, Kai",,"Blin, Kai; Shaw, Simon; Augustijn, Hannah E; Reitz, Zachary L; Biermann, Friederike; Alanjary, Mohammad; Fetter, Artem; Terlouw, Barbara R; Metcalf, William W; Helfrich, Eric J N; van Wezel, Gilles P; Medema, Marnix H; Weber, Tilmann",,"Garcia, Luis",Science Serial,,"Bacteria/genetics, Archaea/genetics, Computers*, Bacteria/metabolism, Multigene Family, Genome, Microbial, Software*, Secondary Metabolism/genetics",,
JSS59555,3/25/2021,Reject and Refer without Review,Large language models in medicine,"Thirunavukarasu, A","Ting, Daniel Shu Wei","Thirunavukarasu, Arun James; Ting, Darren Shu Jeng; Elangovan, Kabilan; Gutierrez, Laura; Tan, Ting Fang; Ting, Daniel Shu Wei",,"Garcia, Luis",Science Serial,,"Humans, Technology, Medicine*, Software, Artificial Intelligence*, Language",,
JSS27057,7/6/2023,EDREJECT,The impact of omidubicel on immune reconstitution and infections in cord blood transplant patients,"De, Hong","Gandhi, Arpita P.","De, Hong; Maziarz, Richard T.; Gandhi, Arpita P.",,"Patel, Priya",Medical Monthly,,"Transplantation, Homologous/adverse effects, Fetal Blood, Hematopoietic Stem Cell Transplantation/adverse effects*, Graft vs Host Disease/etiology*, Immune Reconstitution*, Cord Blood Stem Cell Transplantation/adverse effects*, Humans",,
