,geonamesId,name,count,lat,lng,countryCode,countryName
0,2643743,London,468,51.50853,-0.12574,GB,United Kingdom
1,2988507,Paris,293,48.85341,2.3488,FR,France
2,3128760,Barcelona,176,41.38879,2.15899,ES,Spain
3,2759794,Amsterdam,172,52.37403,4.88969,NL,Netherlands
4,3117735,Madrid,171,40.4165,-3.70256,ES,Spain
5,3173435,Milan,163,45.46427,9.18951,IT,Italy
6,3169070,Rome,154,41.89193,12.51133,IT,Italy
7,2657896,Zürich,147,47.36667,8.55,CH,Switzerland
8,2950159,Berlin,135,52.52437,13.41053,DE,Germany
9,2673730,Stockholm,126,59.33258,18.0649,SE,Sweden
10,2640729,Oxford,120,51.75222,-1.25596,GB,United Kingdom
11,2867714,Munich,115,48.13743,11.57549,DE,Germany
12,2659994,Lausanne,114,46.516,6.63282,CH,Switzerland
13,3143244,Oslo,108,59.91273,10.74609,NO,Norway
14,5128581,New York City,106,40.71427,-74.00597,US,United States
15,2907911,Heidelberg,106,49.40768,8.69079,DE,Germany
16,2792482,Leuven,101,50.87959,4.70093,BE,Belgium
17,2653941,Cambridge,101,52.2,0.11667,GB,United Kingdom
18,2797656,Gent,100,51.05,3.71667,BE,Belgium
19,2624652,Århus,96,56.15674,10.21076,DK,Denmark
20,2267057,Lisbon,94,38.71667,-9.13333,PT,Portugal
21,658225,Helsinki,91,60.16952,24.93545,FI,Finland
22,524901,Moscow,90,55.75222,37.61556,RU,Russia
23,4930956,Boston,89,42.35843,-71.05977,US,United States
24,2911298,Hamburg,89,53.57532,10.01534,DE,Germany
25,2643123,Manchester,88,53.48095,-2.23743,GB,United Kingdom
26,2711537,Göteborg,87,57.70716,11.96679,SE,Sweden
27,2618425,Copenhagen,86,55.67594,12.56553,DK,Denmark
28,2660646,Genève,84,46.20222,6.14569,CH,Switzerland
29,2800866,Brussels,84,50.85045,4.34878,BE,Belgium
30,2158177,Melbourne,82,-37.814,144.96332,AU,Australia
31,2751773,Leiden,82,52.15833,4.49306,NL,Netherlands
32,264371,Athens,79,37.98376,23.72784,GR,Greece
33,3067696,Prague,76,50.08804,14.42076,CZ,Czechia
34,2751283,Maastricht,75,50.84833,5.68889,NL,Netherlands
35,1850147,Tokyo,74,35.6895,139.69171,JP,Japan
36,6077243,Montréal,72,45.50884,-73.58781,CA,Canada
37,4699066,Houston,70,29.76328,-95.36327,US,United States
38,4560349,Philadelphia,69,39.95233,-75.16379,US,United States
39,2879139,Leipzig,69,51.33962,12.37129,DE,Germany
40,2509954,Valencia,69,39.46975,-0.37739,ES,Spain
41,756135,Warsaw,69,52.22977,21.01178,PL,Poland
42,2693678,Lund,68,55.70584,13.19321,SE,Sweden
43,1816670,Beijing,68,39.9075,116.39723,CN,China
44,4347778,Baltimore,68,39.29038,-76.61219,US,United States
45,2996944,Lyon,67,45.74846,4.84671,FR,France
46,2650225,Edinburgh,67,55.95206,-3.19648,GB,United Kingdom
47,6167865,Toronto,66,43.70011,-79.4163,CA,Canada
48,2745912,Utrecht,63,52.09083,5.12222,NL,Netherlands
49,2747891,Rotterdam,60,51.9225,4.47917,NL,Netherlands
50,2968705,Villejuif,60,48.7939,2.35992,FR,France
51,2666199,Uppsala,60,59.85882,17.63889,SE,Sweden
52,2147714,Sydney,59,-33.86785,151.20732,AU,Australia
53,2641673,Newcastle upon Tyne,58,54.97328,-1.61396,GB,United Kingdom
54,1835848,Seoul,58,37.566,126.9784,KR,South Korea
55,2925177,Freiburg,57,47.9959,7.85222,DE,Germany
56,2886242,Köln,57,50.93333,6.95,DE,Germany
57,2655603,Birmingham,56,52.48142,-1.89983,GB,United Kingdom
58,2803138,Antwerpen,56,51.21989,4.40346,BE,Belgium
59,2661604,Basel,55,47.55839,7.57327,CH,Switzerland
60,4931972,Cambridge,55,42.3751,-71.10561,US,United States
61,2918632,Göttingen,54,51.53443,9.93228,DE,Germany
62,3176959,Florence,54,43.77925,11.24626,IT,Italy
63,3448439,São Paulo,54,-23.5475,-46.63611,BR,Brazil
64,2761369,Vienna,54,48.20849,16.37208,AT,Austria
65,3031582,Bordeaux,53,44.84044,-0.5805,FR,France
66,5110629,Buffalo,53,42.88645,-78.87837,US,United States
67,5391959,San Francisco,52,37.77493,-122.41942,US,United States
68,4407066,St. Louis,50,38.62727,-90.19789,US,United States
69,3016078,Gif-sur-Yvette,50,48.68333,2.13333,FR,France
70,2750053,Nijmegen,49,51.8425,5.85278,NL,Netherlands
71,1880252,Singapore,49,1.28967,103.85007,SG,Singapore
72,2648579,Glasgow,49,55.86515,-4.25763,GB,United Kingdom
73,2735943,Porto,48,41.14961,-8.61099,PT,Portugal
74,5122432,Ithaca,48,42.44063,-76.49661,US,United States
75,1668341,Taipei,47,25.04776,121.53185,TW,Taiwan
76,3094802,Kraków,47,50.06143,19.93658,PL,Poland
77,2661552,Bern,46,46.94809,7.44744,CH,Switzerland
78,792680,Belgrade,46,44.80401,20.46513,RS,Serbia
79,2649808,Exeter,46,50.7236,-3.52751,GB,United Kingdom
80,734077,Thessaloníki,44,40.64361,22.93086,GR,Greece
81,2644210,Liverpool,43,53.41058,-2.97794,GB,United Kingdom
82,2964574,Dublin,42,53.33306,-6.24889,IE,Ireland
83,633679,Turku,42,60.45148,22.26869,FI,Finland
84,3172394,Naples,41,40.85216,14.26811,IT,Italy
85,4259418,Indianapolis,41,39.76838,-86.15804,US,United States
86,3196359,Ljubljana,41,46.05108,14.50513,SI,Slovenia
87,2929567,Erlangen,41,49.59099,11.00783,DE,Germany
88,2928810,Essen,41,51.45657,7.01228,DE,Germany
89,2852458,Potsdam,40,52.39886,13.06566,DE,Germany
90,293397,Tel Aviv,40,32.08088,34.78057,IL,Israel
91,1496747,Novosibirsk,40,55.0415,82.9346,RU,Russia
92,2755251,Groningen,40,53.21917,6.56667,NL,Netherlands
93,4140963,"Washington, D.C.",39,38.89511,-77.03637,US,United States
94,3161732,Bergen,39,60.39299,5.32415,NO,Norway
95,6173331,Vancouver,38,49.24966,-123.11934,CA,Canada
96,2644688,Leeds,38,53.79648,-1.54785,GB,United Kingdom
97,2078025,Adelaide,38,-34.92866,138.59863,AU,Australia
98,2510911,Sevilla,38,37.38283,-5.97317,ES,Spain
99,2922582,Garching bei München,38,48.24896,11.65101,DE,Germany
100,5391811,San Diego,38,32.71571,-117.16472,US,United States
101,2925533,Frankfurt am Main,38,50.11552,8.68417,DE,Germany
102,2778067,Graz,37,47.06667,15.45,AT,Austria
103,683506,Bucharest,37,44.43225,26.10626,RO,Romania
104,2638077,Sheffield,37,53.38297,-1.4659,GB,United Kingdom
105,2694762,Linköping,36,58.41086,15.62157,SE,Sweden
106,3171728,Padova,35,45.40797,11.88586,IT,Italy
107,3168837,Rozzano,35,45.38193,9.1559,IT,Italy
108,4671654,Austin,35,30.26715,-97.74306,US,United States
109,3081368,Wrocław,34,51.1,17.03333,PL,Poland
110,2652221,Coventry,34,52.40656,-1.51217,GB,United Kingdom
111,2657780,Abingdon,34,51.67109,-1.28278,GB,United Kingdom
112,4839366,New Haven,34,41.30815,-72.92816,US,United States
113,2653822,Cardiff,34,51.48,-3.18,GB,United Kingdom
114,3165524,Turin,34,45.07049,7.68682,IT,Italy
115,5809844,Seattle,34,47.60621,-122.33207,US,United States
116,2995469,Marseille,33,43.29695,5.38107,FR,France
117,5043473,Rochester,33,44.02163,-92.4699,US,United States
118,2633352,York,32,53.95763,-1.08271,GB,United Kingdom
119,3054643,Budapest,32,47.49835,19.04045,HU,Hungary
120,2517117,Granada,32,37.18817,-3.60667,ES,Spain
121,3170647,Pisa,32,43.70853,10.4036,IT,Italy
122,2639545,Redhill,32,51.24048,-0.17044,GB,United Kingdom
123,2946447,Bonn,32,50.73438,7.09549,DE,Germany
124,4887398,Chicago,31,41.85003,-87.65005,US,United States
125,2618468,Kongens Lyngby,31,55.77044,12.50378,DK,Denmark
126,2820860,Tübingen,31,48.52266,9.05222,DE,Germany
127,2514256,Málaga,31,36.72016,-4.42034,ES,Spain
128,1735161,Kuala Lumpur,30,3.1412,101.68653,MY,Malaysia
129,6094817,Ottawa,30,45.41117,-75.69812,CA,Canada
130,5206379,Pittsburgh,30,40.44062,-79.99589,US,United States
131,3060972,Bratislava,30,48.14816,17.10674,SK,Slovakia
132,4348599,Bethesda,30,38.98067,-77.10026,US,United States
133,2920512,Gießen,29,50.58727,8.67554,DE,Germany
134,1863967,Fukuoka,29,33.6,130.41667,JP,Japan
135,2992166,Montpellier,29,43.61092,3.87723,FR,France
136,3078610,Brno,29,49.19522,16.60796,CZ,Czechia
137,2944388,Bremen,29,53.07516,8.80777,DE,Germany
138,4684888,Dallas,28,32.78306,-96.80667,US,United States
139,2873891,Mannheim,28,49.4891,8.46694,DE,Germany
140,5150529,Cleveland,28,41.4995,-81.69541,US,United States
141,2637487,Southampton,27,50.90395,-1.40428,GB,United Kingdom
142,3451190,Rio de Janeiro,27,-22.90642,-43.18223,BR,Brazil
143,2989204,Orsay,27,48.69572,2.18727,FR,France
144,3014728,Grenoble,27,45.17155,5.72239,FR,France
145,3130616,Alcalá de Henares,27,40.48205,-3.35996,ES,Spain
146,1819729,Hong Kong,27,22.27832,114.17469,HK,Hong Kong
147,2641181,Norwich,27,52.62783,1.29834,GB,United Kingdom
148,498817,Saint Petersburg,26,59.93863,30.31413,RU,Russia
149,2660718,Fribourg,26,46.80237,7.15128,CH,Switzerland
150,3088171,Poznań,26,52.40692,16.92993,PL,Poland
151,4815352,Morgantown,26,39.62953,-79.9559,US,United States
152,3171457,Parma,25,44.79935,10.32618,IT,Italy
153,2775220,Innsbruck,25,47.26266,11.39454,AT,Austria
154,5327684,Berkeley,25,37.87159,-122.27275,US,United States
155,602150,Umeå,25,63.82842,20.25972,SE,Sweden
156,5368361,Los Angeles,25,34.05223,-118.24368,US,United States
157,2935022,Dresden,25,51.05089,13.73832,DE,Germany
158,5341704,Davis,25,38.54491,-121.74052,US,United States
159,293788,Ramat Gan,25,32.08227,34.81065,IL,Israel
160,5110266,The Bronx,24,40.84985,-73.86641,US,United States
161,4151871,Coral Gables,24,25.72149,-80.26838,US,United States
162,2987805,Pessac,24,44.81011,-0.64129,FR,France
163,2659836,Lugano,24,46.01008,8.96004,CH,Switzerland
164,2740637,Coimbra,24,40.20564,-8.41955,PT,Portugal
165,3181928,Bologna,24,44.49381,11.33875,IT,Italy
166,2972191,Tours,24,47.39484,0.70398,FR,France
167,2657832,Aberdeen,23,57.14369,-2.09814,GB,United Kingdom
168,650224,Kuopio,23,62.89238,27.67703,FI,Finland
169,3463237,Florianópolis,23,-27.59667,-48.54917,BR,Brazil
170,4464368,Durham,23,35.99403,-78.89862,US,United States
171,4544349,Oklahoma City,23,35.46756,-97.51643,US,United States
172,2174003,Brisbane,23,-27.46794,153.02809,AU,Australia
173,776069,Białystok,23,53.13333,23.16433,PL,Poland
174,2972315,Toulouse,23,43.60426,1.44367,FR,France
175,3178796,Chieti,23,42.34827,14.16494,IT,Italy
176,2654675,Bristol,23,51.45523,-2.59665,GB,United Kingdom
177,3171180,Perugia,23,43.1122,12.38878,IT,Italy
178,4781708,Richmond,22,37.55376,-77.46026,US,United States
179,5007804,Royal Oak,22,42.48948,-83.14465,US,United States
180,3836873,San Miguel de Tucumán,22,-26.82414,-65.2226,AR,Argentina
181,4931737,Burlington,22,42.50482,-71.19561,US,United States
182,2934246,Düsseldorf,22,51.22172,6.77616,DE,Germany
183,1858421,Kumamoto,22,32.80589,130.69181,JP,Japan
184,5856195,Honolulu,22,21.30694,-157.85833,US,United States
185,1674199,Yilan,22,24.757,121.753,TW,Taiwan
186,4719457,Plano,22,33.01984,-96.69889,US,United States
187,1796236,Shanghai,22,31.22222,121.45806,CN,China
188,2634552,Welwyn Garden City,22,51.80174,-0.20691,GB,United Kingdom
189,5778755,Murray,22,40.66689,-111.88799,US,United States
190,2742032,Braga,22,41.55032,-8.42005,PT,Portugal
191,2892518,Kassel,21,51.31667,9.5,DE,Germany
192,2951825,Bayreuth,21,49.94782,11.57893,DE,Germany
193,4682464,College Station,21,30.62798,-96.33441,US,United States
194,1856057,Nagoya,21,35.18147,136.90641,JP,Japan
195,2467454,Sfax,21,34.74056,10.76028,TN,Tunisia
196,3171366,Pavia,20,45.19205,9.15917,IT,Italy
197,4509177,Columbus,20,39.96118,-82.99879,US,United States
198,2653877,Canterbury,20,51.27904,1.07992,GB,United Kingdom
199,4180439,Atlanta,20,33.749,-84.38798,US,United States
200,3030300,Brest,20,48.39029,-4.48628,FR,France
201,2856883,Osnabrück,20,52.27264,8.0498,DE,Germany
202,2641170,Nottingham,20,52.9536,-1.15047,GB,United Kingdom
203,2757345,Delft,20,52.00667,4.35556,NL,Netherlands
204,2949186,Bielefeld,20,52.03333,8.53333,DE,Germany
205,3029241,Caen,20,49.18585,-0.35912,FR,France
206,2910831,Hannover,20,52.37052,9.73322,DE,Germany
207,3037656,Angers,20,47.47381,-0.54774,FR,France
208,2894003,Kaiserslautern,19,49.443,7.77161,DE,Germany
209,3099434,Gdańsk,19,54.35205,18.64637,PL,Poland
210,3109718,Santander,19,43.46472,-3.80444,ES,Spain
211,2917788,Greifswald,19,54.09311,13.38786,DE,Germany
212,3104324,Zaragoza,19,41.65606,-0.87734,ES,Spain
213,3137115,Stavanger,19,58.97005,5.73332,NO,Norway
214,3181554,Brescia,19,45.53558,10.21472,IT,Italy
215,3093133,Łódź,19,51.77058,19.47395,PL,Poland
216,2792073,Louvain-la-Neuve,18,50.66829,4.61443,BE,Belgium
217,634963,Tampere,18,61.49911,23.78712,FI,Finland
218,2792413,Liège,18,50.63373,5.56749,BE,Belgium
219,5224151,Providence,18,41.82399,-71.41283,US,United States
220,2110683,Tsukuba,18,36.2,140.1,JP,Japan
221,715429,Szeged,18,46.253,20.14824,HU,Hungary
222,1675151,Hsinchu,18,24.80361,120.96861,TW,Taiwan
223,2998324,Lille,18,50.63297,3.05858,FR,France
224,2825297,Stuttgart,18,48.78232,9.17702,DE,Germany
225,2624886,Aalborg,18,57.048,9.9187,DK,Denmark
226,2523920,Palermo,18,38.13205,13.33561,IT,Italy
227,2766824,Salzburg,18,47.79941,13.04399,AT,Austria
228,765876,Lublin,18,51.25,22.56667,PL,Poland
229,2978317,Saint-Martin-d’Hères,17,45.16528,5.76337,FR,France
230,5308655,Phoenix,17,33.44838,-112.07404,US,United States
231,2745088,Wageningen,17,51.97,5.66667,NL,Netherlands
232,2562698,Imsida,17,35.8925,14.48278,MT,Malta
233,727011,Sofia,17,42.69751,23.32415,BG,Bulgaria
234,2756253,Eindhoven,17,51.44083,5.47778,NL,Netherlands
235,2655984,Belfast,17,54.59682,-5.92541,GB,United Kingdom
236,4841463,Ridgefield,17,41.28148,-73.49818,US,United States
237,3147465,Lillestrøm,17,59.95597,11.04918,NO,Norway
238,5102076,Nutley,17,40.82232,-74.15987,US,United States
239,5099312,Hopewell,17,40.38927,-74.76183,US,United States
240,2964180,Gaillimh,17,53.27194,-9.04889,IE,Ireland
241,2973783,Strasbourg,17,48.58392,7.74553,FR,France
242,2988758,Palaiseau,17,48.71667,2.25,FR,France
243,2805615,Würzburg,17,49.79391,9.95121,DE,Germany
244,3017924,Fontenay-aux-Roses,17,48.79325,2.29275,FR,France
245,2867543,Münster,17,51.96236,7.62571,DE,Germany
246,2645425,Kingston upon Hull,17,53.7446,-0.33525,GB,United Kingdom
247,3176219,Genoa,16,44.40478,8.94439,IT,Italy
248,2519240,Córdoba,16,37.89155,-4.77275,ES,Spain
249,2891122,Kiel,16,54.32133,10.13489,DE,Germany
250,5992500,Kingston,16,44.22976,-76.48098,CA,Canada
251,5830062,Laramie,16,41.31137,-105.5911,US,United States
252,2686657,Örebro,16,59.27412,15.2066,SE,Sweden
253,2945024,Braunschweig,16,52.26594,10.52673,DE,Germany
254,4501931,Glassboro,16,39.70289,-75.11184,US,United States
255,2650628,Durham,16,54.77676,-1.57566,GB,United Kingdom
256,3164527,Verona,16,45.4299,10.98444,IT,Italy
257,2172517,Canberra,16,-35.28346,149.12807,AU,Australia
258,1856942,Mitaka-shi,15,35.68351,139.55963,JP,Japan
259,5398563,Stanford,15,37.42411,-122.16608,US,United States
260,3165185,Trieste,15,45.64953,13.77678,IT,Italy
261,3133880,Trondheim,15,63.43049,10.39506,NO,Norway
262,2193733,Auckland,15,-36.84853,174.76349,NZ,New Zealand
263,2525068,Catania,14,37.49223,15.07041,IT,Italy
264,2750325,Nieuwegein,14,52.02917,5.08056,NL,Netherlands
265,3247449,Aachen,14,50.77664,6.08342,DE,Germany
266,3114472,Pamplona,14,42.81687,-1.64323,ES,Spain
267,3133895,Tromsø,14,69.6489,18.95508,NO,Norway
268,1799962,Nanjing,14,32.06167,118.77778,CN,China
269,2063523,Perth,14,-31.95224,115.8614,AU,Australia
270,1809858,Guangzhou,14,23.11667,113.25,CN,China
271,681290,Cluj-Napoca,14,46.76667,23.6,RO,Romania
272,2658822,Sankt Gallen,14,47.42391,9.37477,CH,Switzerland
273,1857910,Kyoto,14,35.02107,135.75385,JP,Japan
274,4984247,Ann Arbor,14,42.27756,-83.74088,US,United States
275,4156404,Gainesville,14,29.65163,-82.32483,US,United States
276,2938913,Darmstadt,14,49.87167,8.65027,DE,Germany
277,2615876,Odense,14,55.39594,10.38831,DK,Denmark
278,2513416,Murcia,14,37.98704,-1.13004,ES,Spain
279,2644972,Lancaster,14,54.04649,-2.79988,GB,United Kingdom
280,3871336,Santiago,14,-33.45694,-70.64827,CL,Chile
281,5102922,Princeton,14,40.34872,-74.65905,US,United States
282,112931,Tehran,14,35.69439,51.42151,IR,Iran
283,1275339,Mumbai,13,19.07283,72.88261,IN,India
284,7302802,Rondebosch,13,-33.96333,18.47639,ZA,South Africa
285,3118554,Leioa,13,43.32686,-2.98884,ES,Spain
286,3182351,Bari,13,41.12066,16.86982,IT,Italy
287,2111149,Sendai,13,38.26667,140.86667,JP,Japan
288,2968023,Vinon-sur-Verdon,13,43.72451,5.81081,FR,France
289,3186886,Zagreb,13,45.81444,15.97798,HR,Croatia
290,2947416,Bochum,13,51.48165,7.21648,DE,Germany
291,2757783,De Bilt,13,52.11,5.18056,NL,Netherlands
292,1835235,Daejeon,13,36.32139,127.41972,KR,South Korea
293,2983990,Rennes,13,48.11198,-1.67429,FR,France
294,2998286,Limoges,13,45.83153,1.25781,FR,France
295,643492,Oulu,13,65.01236,25.46816,FI,Finland
296,5574991,Boulder,13,40.01499,-105.27055,US,United States
297,3083271,Toruń,12,53.01375,18.59814,PL,Poland
298,5213681,State College,12,40.79339,-77.86,US,United States
299,3102014,Bydgoszcz,12,53.1235,18.00762,PL,Poland
300,2969679,Versailles,12,48.80359,2.13424,FR,France
301,6058560,London,12,42.98339,-81.23304,CA,Canada
302,4646571,Oak Ridge,12,36.01036,-84.26964,US,United States
303,2614481,Roskilde,12,55.64152,12.08035,DK,Denmark
304,261745,Irákleion,12,35.32787,25.14341,GR,Greece
305,2756071,Enschede,12,52.21833,6.89583,NL,Netherlands
306,675810,Iaşi,12,47.16667,27.6,RO,Romania
307,5359777,Irvine,12,33.66946,-117.82311,US,United States
308,1862992,Hayama,12,35.27651,139.57733,JP,Japan
309,3003737,Le Kremlin-Bicêtre,12,48.81471,2.36073,FR,France
310,2875601,Lübeck,12,53.86893,10.68729,DE,Germany
311,1853909,Osaka,12,34.69374,135.50218,JP,Japan
312,4174757,Tampa,12,27.94752,-82.45843,US,United States
313,2895044,Jena,12,50.92878,11.5899,DE,Germany
314,2772400,Linz,11,48.30639,14.28611,AT,Austria
315,3174953,Lecce,11,40.35481,18.17244,IT,Italy
316,1862415,Hiroshima,11,34.4,132.45,JP,Japan
317,4891382,Evanston,11,42.04114,-87.69006,US,United States
318,6324733,St. John's,11,47.56494,-52.70931,CA,Canada
319,2990999,Nancy,11,48.68439,6.18496,FR,France
320,5261457,Madison,11,43.07305,-89.40123,US,United States
321,2644668,Leicester,11,52.6386,-1.13169,GB,United Kingdom
322,1791247,Wuhan,11,30.58333,114.26667,CN,China
323,2659811,Luzern,11,47.05048,8.30635,CH,Switzerland
324,2521978,Alicante,11,38.34517,-0.48149,ES,Spain
325,3109642,Santiago de Compostela,11,42.88052,-8.54569,ES,Spain
326,2525473,Cagliari,11,39.23054,9.11917,IT,Italy
327,2973675,Suresnes,11,48.87143,2.22929,FR,France
328,665004,Târgu-Mureş,11,46.54245,24.55747,RO,Romania
329,2875376,Ludwigshafen am Rhein,10,49.48121,8.44641,DE,Germany
330,3114711,Oviedo,10,43.36029,-5.84476,ES,Spain
331,2873759,Marburg an der Lahn,10,50.80904,8.77069,DE,Germany
332,2874225,Mainz,10,49.98419,8.2791,DE,Germany
333,1808926,Hangzhou,10,30.29365,120.16142,CN,China
334,4791259,Virginia Beach,10,36.85293,-75.97799,US,United States
335,2892794,Karlsruhe,10,49.00937,8.40444,DE,Germany
336,2820256,Ulm,10,48.39841,9.99155,DE,Germany
337,2659496,Neuchâtel,10,46.99179,6.931,CH,Switzerland
338,5101717,New Brunswick,10,40.48622,-74.45182,US,United States
339,2660643,Genolier,10,46.43537,6.21809,CH,Switzerland
340,5381396,Pasadena,10,34.14778,-118.14452,US,United States
341,2989819,Nyons,10,44.36667,5.13333,FR,France
342,3104499,Gasteiz / Vitoria,9,42.84998,-2.67268,ES,Spain
343,3111108,Salamanca,9,40.96882,-5.66388,ES,Spain
344,3096472,Katowice,9,50.25841,19.02754,PL,Poland
345,703448,Kyiv,9,50.45466,30.5238,UA,Ukraine
346,1851717,Shizuoka,9,34.98333,138.38333,JP,Japan
347,2651269,Didcot,9,51.60928,-1.24214,GB,United Kingdom
348,3165072,Udine,9,46.0693,13.23715,IT,Italy
349,2523630,Reggio Calabria,9,38.11047,15.66129,IT,Italy
350,2965140,Cork,9,51.89797,-8.47061,IE,Ireland
351,276781,Beirut,9,33.89332,35.50157,LB,Lebanon
352,5263045,Milwaukee,9,43.0389,-87.90647,US,United States
353,2130057,Hirosaki,9,40.59306,140.4725,JP,Japan
354,5318313,Tucson,9,32.22174,-110.92648,US,United States
355,4747845,Blacksburg,9,37.22957,-80.41394,US,United States
356,4726206,San Antonio,9,29.42412,-98.49363,US,United States
357,2747373,The Hague,9,52.07667,4.29861,NL,Netherlands
358,1808722,Hefei,9,31.86389,117.28083,CN,China
359,5363943,La Jolla,9,32.84727,-117.2742,US,United States
360,5372223,Menlo Park,9,37.45383,-122.18219,US,United States
361,2945988,Borstel,9,53.9675,9.79963,DE,Germany
362,3467865,Campinas,9,-22.90556,-47.06083,BR,Brazil
363,2511174,Santa Cruz de Tenerife,9,28.46824,-16.25462,ES,Spain
364,6325494,Québec,9,46.81228,-71.21454,CA,Canada
365,3166548,Siena,9,43.31822,11.33064,IT,Italy
366,2894553,Jülich,9,50.92149,6.36267,DE,Germany
367,261779,Ioánnina,9,39.66486,20.85189,GR,Greece
368,3022530,Créteil,9,48.79266,2.46569,FR,France
369,3021372,Dijon,9,47.31667,5.01667,FR,France
370,124665,Mashhad,8,36.31559,59.56796,IR,Iran
371,5957776,Fredericton,8,45.94541,-66.66558,CA,Canada
372,2638864,Saint Andrews,8,56.33871,-2.79902,GB,United Kingdom
373,2899449,Homburg,8,49.32637,7.33867,DE,Germany
374,2634739,Warrington,8,53.39254,-2.58024,GB,United Kingdom
375,5350734,Fremont,8,37.54827,-121.98857,US,United States
376,3173331,Modena,8,44.64783,10.92539,IT,Italy
377,2656173,Bath,8,51.3751,-2.36172,GB,United Kingdom
378,2658120,Villigen,8,47.52682,8.21486,CH,Switzerland
379,4367175,Rockville,8,39.084,-77.15276,US,United States
380,4274277,Lawrence,8,38.97167,-95.23525,US,United States
381,5780993,Salt Lake City,8,40.76078,-111.89105,US,United States
382,3012165,Jouy-en-Josas,8,48.75909,2.16966,FR,France
383,702550,Lviv,8,49.83826,24.02324,UA,Ukraine
384,2990440,Nice,8,43.70313,7.26608,FR,France
385,709930,Dnipro,8,48.4593,35.03865,UA,Ukraine
386,5946768,Edmonton,8,53.55014,-113.46871,CA,Canada
387,2638960,Runcorn,8,53.34174,-2.73124,GB,United Kingdom
388,293725,Reẖovot,8,31.89421,34.81199,IL,Israel
389,3688689,Bogotá,8,4.60971,-74.08175,CO,Colombia
390,2518559,Elche,8,38.26218,-0.70107,ES,Spain
391,2844588,Rostock,7,54.0887,12.14049,DE,Germany
392,3004630,Le Chesnay,7,48.8222,2.12213,FR,France
393,2968254,Villeurbanne,7,45.76667,4.88333,FR,France
394,2676176,Södertälje,7,59.19554,17.62525,SE,Sweden
395,2953395,Bad Nauheim,7,50.36463,8.73859,DE,Germany
396,2651521,Daresbury,7,53.34184,-2.635,GB,United Kingdom
397,295530,Beersheba,7,31.25181,34.7913,IL,Israel
398,10041014,Crawley,7,-31.98418,115.81603,AU,Australia
399,2650752,Dundee,7,56.46913,-2.97489,GB,United Kingdom
400,2146142,Townsville,7,-19.26639,146.80569,AU,Australia
401,1833747,Ulsan,7,35.53722,129.31667,KR,South Korea
402,2522258,Albacete,7,38.99424,-1.85643,ES,Spain
403,3179866,Caserta,7,41.07262,14.33231,IT,Italy
404,5367440,Livermore,7,37.68187,-121.76801,US,United States
405,1804651,Kunming,7,25.03889,102.71833,CN,China
406,2634740,Warrington,7,52.18446,-0.68759,GB,United Kingdom
407,2636177,Taunton,7,51.01494,-3.10293,GB,United Kingdom
408,2636432,Swansea,7,51.62079,-3.94323,GB,United Kingdom
409,5746545,Portland,7,45.52345,-122.67621,US,United States
410,2639577,Reading,7,51.45625,-0.97113,GB,United Kingdom
411,3413829,Reykjavík,7,64.13548,-21.89541,IS,Iceland
412,3165243,Trento,7,46.06787,11.12108,IT,Italy
413,5037649,Minneapolis,7,44.97997,-93.26384,US,United States
414,2165798,Geelong,7,-38.14711,144.36069,AU,Australia
415,611717,Tbilisi,7,41.69411,44.83368,GE,Georgia
416,2176639,Batemans Bay,7,-35.70658,150.17541,AU,Australia
417,6182962,Windsor,7,42.30008,-83.01654,CA,Canada
418,4393217,Kansas City,7,39.09973,-94.57857,US,United States
419,2191562,Dunedin,7,-45.87416,170.50361,NZ,New Zealand
420,4752031,Charlottesville,7,38.02931,-78.47668,US,United States
421,2643567,Loughborough,7,52.76667,-1.2,GB,United Kingdom
422,3530597,Mexico City,7,19.42847,-99.12766,MX,Mexico
423,2745706,Veldhoven,6,51.41833,5.40278,NL,Netherlands
424,1859924,Kashiwa,6,35.86224,139.97732,JP,Japan
425,4991640,East Lansing,6,42.73698,-84.48387,US,United States
426,2756669,Dordrecht,6,51.81,4.67361,NL,Netherlands
427,2742611,Aveiro,6,40.64427,-8.64554,PT,Portugal
428,4903862,North Chicago,6,42.32558,-87.84118,US,United States
429,2968275,Villetaneuse,6,48.95833,2.34167,FR,France
430,4914570,Urbana,6,40.11059,-88.20727,US,United States
431,2753106,Kampen,6,52.555,5.91111,NL,Netherlands
432,2650188,Egham,6,51.43158,-0.55239,GB,United Kingdom
433,1859171,Kobe,6,34.6913,135.183,JP,Japan
434,4917358,Zion,6,42.44613,-87.83285,US,United States
435,1815286,Chengdu,6,30.66667,104.06667,CN,China
436,5134086,Rochester,6,43.15478,-77.61556,US,United States
437,588335,Tartu,6,58.38062,26.72509,EE,Estonia
438,2874545,Magdeburg,6,52.12773,11.62916,DE,Germany
439,667268,Sibiu,6,45.8,24.15,RO,Romania
440,1259229,Pune,6,18.51957,73.85535,IN,India
441,2861650,Nürnberg,6,49.45421,11.07752,DE,Germany
442,625144,Minsk,6,53.9,27.56667,BY,Belarus
443,290030,Doha,6,25.28545,51.53096,QA,Qatar
444,146268,Nicosia,6,35.17531,33.3642,CY,Cyprus
445,5913490,Calgary,6,51.05011,-114.08529,CA,Canada
446,281184,Jerusalem,6,31.76904,35.21633,IL,Israel
447,1609350,Bangkok,6,13.75398,100.50144,TH,Thailand
448,1845457,Jeonju,6,35.82194,127.14889,KR,South Korea
449,5454711,Albuquerque,6,35.08449,-106.65114,US,United States
450,5419384,Denver,6,39.73915,-104.9847,US,United States
451,5402405,Thousand Oaks,6,34.17056,-118.83759,US,United States
452,1795565,Shenzhen,6,22.54554,114.0683,CN,China
453,5376890,Newport Beach,6,33.61891,-117.92895,US,United States
454,3868626,Valparaíso,6,-33.036,-71.62963,CL,Chile
455,1835329,Daegu,6,35.87028,128.59111,KR,South Korea
456,2772810,Laxenburg,6,48.06833,16.35607,AT,Austria
457,5178225,Ambler,6,40.15455,-75.22157,US,United States
458,4172372,Sebastian,6,27.81641,-80.47061,US,United States
459,2970797,Vandœuvre-lès-Nancy,6,48.65,6.18333,FR,France
460,2610613,Vejle,6,55.70927,9.5357,DK,Denmark
461,3077916,České Budějovice,6,48.97447,14.47434,CZ,Czechia
462,255683,Pátra,6,38.24444,21.73444,GR,Greece
463,3182164,Bergamo,6,45.69601,9.66721,IT,Italy
464,2619528,Hvidovre,6,55.65719,12.47364,DK,Denmark
465,3024635,Clermont-Ferrand,6,45.77966,3.08628,FR,France
466,3175121,L'Aquila,6,42.35055,13.39954,IT,Italy
467,3172338,Negrar,6,45.52918,10.93899,IT,Italy
468,3435910,Buenos Aires,6,-34.61315,-58.37723,AR,Argentina
469,2654710,Brighton,6,50.82838,-0.13947,GB,United Kingdom
470,3162797,Ås,6,59.66472,10.79465,NO,Norway
471,3128026,Bilbao,6,43.26271,-2.92528,ES,Spain
472,3183089,Ancona,6,43.5942,13.50337,IT,Italy
473,3080985,Zabrze,6,50.32492,18.78576,PL,Poland
474,3106672,Valladolid,6,41.65518,-4.72372,ES,Spain
475,1264527,Chennai,5,13.08784,80.27847,IN,India
476,2857807,Offenbach,5,50.10061,8.76647,DE,Germany
477,2800481,Charleroi,5,50.41136,4.44448,BE,Belgium
478,660158,Espoo,5,60.2052,24.6522,FI,Finland
479,1790630,Xi’an,5,34.25833,108.92861,CN,China
480,5380748,Palo Alto,5,37.44188,-122.14302,US,United States
481,3176949,Fisciano,5,40.77175,14.79454,IT,Italy
482,1176615,Islamabad,5,33.72148,73.04329,PK,Pakistan
483,2656397,Bangor,5,53.22752,-4.12936,GB,United Kingdom
484,3884373,La Serena,5,-29.90453,-71.24894,CL,Chile
485,3180991,Campobasso,5,41.55947,14.66737,IT,Italy
486,721472,Debrecen,5,47.53333,21.63333,HU,Hungary
487,1842485,Goyang-si,5,37.65639,126.835,KR,South Korea
488,260114,Chaniá,5,35.51124,24.02921,GR,Greece
489,2647349,Hatfield,5,51.76338,-0.22419,GB,United Kingdom
490,1848313,Yokosuka,5,35.28361,139.66722,JP,Japan
491,763166,Olsztyn,5,53.77995,20.49416,PL,Poland
492,2860049,Oberkochen,5,48.78379,10.10519,DE,Germany
493,2803448,Aalst,5,50.93604,4.0355,BE,Belgium
494,5756758,Tigard,5,45.43123,-122.77149,US,United States
495,1263707,Manipala,5,13.35,74.78333,IN,India
496,2849483,Regensburg,5,49.01513,12.10161,DE,Germany
497,1277333,Bengaluru,5,12.97194,77.59369,IN,India
498,3118150,Logroño,5,42.46667,-2.45,ES,Spain
499,1279233,Ahmedabad,5,23.02579,72.58727,IN,India
500,2911522,Halle (Saale),5,51.48158,11.97947,DE,Germany
501,144448,Ahvaz,5,31.31901,48.6842,IR,Iran
502,5967629,Guelph,5,43.54594,-80.25599,CA,Canada
503,1486209,Yekaterinburg,5,56.8519,60.6122,RU,Russia
504,292968,Abu Dhabi,5,24.46667,54.36667,AE,United Arab Emirates
505,2922102,Geesthacht,5,53.43575,10.3779,DE,Germany
506,1502026,Krasnoyarsk,5,56.01839,92.86717,RU,Russia
507,2761353,Wiener Neustadt,5,47.80485,16.23196,AT,Austria
508,3140128,Sandvika,5,59.89073,10.52774,NO,Norway
509,1261481,New Delhi,5,28.63576,77.22445,IN,India
510,1566083,Ho Chi Minh City,5,10.82302,106.62965,VN,Vietnam
511,5861897,Fairbanks,5,64.83778,-147.71639,US,United States
512,2641674,Newcastle under Lyme,5,53,-2.23333,GB,United Kingdom
513,3180861,Candiolo,5,44.95858,7.59812,IT,Italy
514,2962668,Maynooth,5,53.385,-6.59361,IE,Ireland
515,2264403,Porto Salvo,5,38.72293,-9.30473,PT,Portugal
516,2113015,Chiba,5,35.6,140.11667,JP,Japan
517,4834272,Farmington,5,41.71982,-72.83204,US,United States
518,3441575,Montevideo,5,-34.90328,-56.18816,UY,Uruguay
519,2516395,Jaén,5,37.76922,-3.79028,ES,Spain
520,2511401,La Laguna,5,28.4853,-16.32014,ES,Spain
521,3470127,Belo Horizonte,5,-19.92083,-43.93778,BR,Brazil
522,2990969,Nantes,5,47.21725,-1.55336,FR,France
523,360630,Cairo,5,30.06263,31.24967,EG,Egypt
524,4459467,Cary,5,35.79154,-78.78112,US,United States
525,2521420,Badajoz,5,38.87789,-6.97061,ES,Spain
526,3686120,Colombia,5,3.37606,-74.8015,CO,Colombia
527,4351977,College Park,5,38.98067,-76.93692,US,United States
528,2293538,Abidjan,5,5.30966,-4.01266,CI,Ivory Coast
529,4297983,Lexington,5,37.98869,-84.47772,US,United States
530,232422,Kampala,5,0.31628,32.58219,UG,Uganda
531,2394819,Cotonou,5,6.36536,2.41833,BJ,Benin
532,2688368,Norrköping,5,58.59419,16.1826,SE,Sweden
533,4049979,Birmingham,5,33.52066,-86.80249,US,United States
534,3361025,Stellenbosch,5,-33.93462,18.86676,ZA,South Africa
535,2177671,Armidale,5,-30.50123,151.66553,AU,Australia
536,1886760,Suzhou,5,31.30408,120.59538,CN,China
537,1859642,Kawasaki,5,35.52056,139.71722,JP,Japan
538,4954380,Waltham,5,42.37649,-71.23561,US,United States
539,254352,Rethymno,5,35.36555,24.48232,GR,Greece
540,1860243,Kanazawa,5,36.6,136.61667,JP,Japan
541,3183875,Tirana,5,41.3275,19.81889,AL,Albania
542,1926099,Matsuyama,5,33.83916,132.76574,JP,Japan
543,4990729,Detroit,5,42.33143,-83.04575,US,United States
544,2896020,Ingelheim am Rhein,4,49.97078,8.05883,DE,Germany
545,6176823,Waterloo,4,43.4668,-80.51639,CA,Canada
546,2982652,Rouen,4,49.44313,1.09932,FR,France
547,2980291,Saint-Étienne,4,45.43389,4.39,FR,France
548,3068969,Ondřejov,4,49.90461,14.7842,CZ,Czechia
549,6141256,Saskatoon,4,52.13238,-106.66892,CA,Canada
550,520555,Nizhniy Novgorod,4,56.32867,44.00205,RU,Russia
551,6183235,Winnipeg,4,49.8844,-97.14704,CA,Canada
552,2981041,Saint-Cloud,4,48.84598,2.20289,FR,France
553,3181913,Bolzano,4,46.49067,11.33982,IT,Italy
554,5190089,Fort Washington,4,40.14178,-75.20906,US,United States
555,4381982,Columbia,4,38.95171,-92.33407,US,United States
556,5990579,Kelowna,4,49.88307,-119.48568,CA,Canada
557,3114965,Ourense,4,42.33669,-7.86407,ES,Spain
558,4254679,Bloomington,4,39.16533,-86.52639,US,United States
559,425378,Bujumbura,4,-3.3822,29.3644,BI,Burundi
560,712969,Bakhchisaray,4,44.75525,33.85782,UA,Ukraine
561,3860259,Córdoba,4,-31.4135,-64.18105,AR,Argentina
562,745044,İstanbul,4,41.01384,28.94966,TR,Turkey
563,2954172,Augsburg,4,48.37154,10.89851,DE,Germany
564,3182179,Benevento,4,41.1307,14.77816,IT,Italy
565,3121456,Girona,4,41.98311,2.82493,ES,Spain
566,5392952,Santa Barbara,4,34.42083,-119.69819,US,United States
567,2939811,Cottbus,4,51.75769,14.32888,DE,Germany
568,5379513,Orange,4,33.78779,-117.85311,US,United States
569,5393052,Santa Cruz,4,36.97412,-122.0308,US,United States
570,3369157,Cape Town,4,-33.92584,18.42322,ZA,South Africa
571,5406990,Walnut Creek,4,37.90631,-122.06496,US,United States
572,3032579,Biot,4,43.62723,7.09645,FR,France
573,5430784,Meridian,4,39.53957,-104.84528,US,United States
574,3033123,Besançon,4,47.24878,6.01815,FR,France
575,3399415,Fortaleza,4,-3.71722,-38.54306,BR,Brazil
576,551487,Kazan,4,55.78874,49.12214,RU,Russia
577,5520993,El Paso,4,31.75872,-106.48693,US,United States
578,2940132,Chemnitz,4,50.8357,12.92922,DE,Germany
579,3345440,Craigavon,4,54.44709,-6.387,GB,United Kingdom
580,3037854,Amiens,4,49.9,2.3,FR,France
581,5969782,Hamilton,4,43.25011,-79.84963,CA,Canada
582,3456147,Nova Lima,4,-19.98556,-43.84667,BR,Brazil
583,5097751,Ewing,4,40.26983,-74.79988,US,United States
584,4644585,Nashville,4,36.16589,-86.78444,US,United States
585,2925034,Freising,4,48.40351,11.74876,DE,Germany
586,4975802,Portland,4,43.66147,-70.25533,US,United States
587,4588718,Myrtle Beach,4,33.68906,-78.88669,US,United States
588,456172,Riga,4,56.946,24.10589,LV,Latvia
589,3197753,Koper,4,45.54694,13.72944,SI,Slovenia
590,2978621,Saint-Mandé,4,48.83864,2.41579,FR,France
591,4508722,Cincinnati,4,39.12711,-84.51439,US,United States
592,2979985,Saint-Genis-Laval,4,45.69558,4.7934,FR,France
593,2990919,Narbonne,4,43.18396,3.00141,FR,France
594,993800,Johannesburg,4,-26.20227,28.04363,ZA,South Africa
595,1849876,Toyama,4,36.7,137.21667,JP,Japan
596,1269743,Indore,4,22.71792,75.8333,IN,India
597,2520397,Cañada,4,38.6739,-0.8133,ES,Spain
598,1792947,Tianjin,4,39.14222,117.17667,CN,China
599,2780741,Dornbirn,4,47.41427,9.74195,AT,Austria
600,2642204,Moreton,4,53.4,-3.11667,GB,United Kingdom
601,2785364,Torhout,4,51.0656,3.10085,BE,Belgium
602,1854376,Okazaki,4,34.95,137.16667,JP,Japan
603,1855431,Niigata,4,37.88637,139.00589,JP,Japan
604,2512989,Palma,4,39.56939,2.65024,ES,Spain
605,1856199,Nagaoka,4,37.45,138.85,JP,Japan
606,1262117,Naini Tāl,4,29.39743,79.44686,IN,India
607,1861084,Izumo,4,35.36667,132.76667,JP,Japan
608,1907300,Wako,4,35.78944,139.62333,JP,Japan
609,2023469,Irkutsk,4,52.29778,104.29639,RU,Russia
610,2807363,Witten,4,51.44362,7.35258,DE,Germany
611,2464470,Tunis,4,36.81897,10.16579,TN,Tunisia
612,2640908,Ormskirk,4,53.56685,-2.88178,GB,United Kingdom
613,2521886,Almería,4,36.83814,-2.45974,ES,Spain
614,2765221,Seibersdorf,4,47.95858,16.51842,AT,Austria
615,1253573,Vadodara,4,22.29941,73.20812,IN,India
616,1258980,Raipur,4,21.23333,81.63333,IN,India
617,1815577,Changsha,4,28.19874,112.97087,CN,China
618,1818920,Sha Tin,4,22.38333,114.18333,HK,Hong Kong
619,2634869,Wallingford,4,51.59982,-1.1248,GB,United Kingdom
620,1838524,Busan,4,35.10278,129.04028,KR,South Korea
621,1805753,Jinan,4,36.66833,116.99722,CN,China
622,1841811,Gwangju,4,35.15472,126.91556,KR,South Korea
623,2524300,Mangone,4,39.20437,16.33262,IT,Italy
624,2610726,Varde,4,55.62112,8.48069,DK,Denmark
625,1842943,Kimhae,4,35.23417,128.88111,KR,South Korea
626,1797929,Qingdao,4,36.06488,120.38042,CN,China
627,2761524,Wels,4,48.16667,14.03333,AT,Austria
628,2658919,Rüschlikon,4,47.30688,8.55135,CH,Switzerland
629,1850207,Toki,4,35.35,137.18333,JP,Japan
630,2440485,Niamey,4,13.51366,2.1098,NE,Niger
631,202061,Kigali,4,-1.94995,30.05885,RW,Rwanda
632,2654993,Bradford,4,53.79391,-1.75206,GB,United Kingdom
633,217831,Bukavu,4,-2.49077,28.84281,CD,Democratic Republic of the Congo
634,2675397,Solna,4,59.36004,18.00086,SE,Sweden
635,2677234,Skövde,4,58.39118,13.84506,SE,Sweden
636,2647793,Guildford,4,51.23536,-0.57427,GB,United Kingdom
637,2652618,Colchester,4,51.88921,0.90421,GB,United Kingdom
638,105343,Jeddah,4,21.54238,39.19797,SA,Saudi Arabia
639,1512086,Akademgorodok,4,54.8523,83.106,RU,Russia
640,2234974,Bamenda,4,5.9597,10.14597,CM,Cameroon
641,1668355,Tainan,4,22.99083,120.21333,TW,Taiwan
642,2306104,Accra,4,5.55602,-0.1969,GH,Ghana
643,2220957,Yaoundé,4,3.86667,11.51667,CM,Cameroon
644,1636722,Malang,4,-7.9797,112.6304,ID,Indonesia
645,108410,Riyadh,4,24.68773,46.72185,SA,Saudi Arabia
646,2389853,Bangui,4,4.36122,18.55496,CF,Central African Republic
647,2651347,Derby,4,52.92277,-1.47663,GB,United Kingdom
648,2660204,Kaiseraugst,4,47.53966,7.72605,CH,Switzerland
649,2357048,Ouagadougou,4,12.36566,-1.53388,BF,Burkina Faso
650,3035681,Avignon,3,43.94834,4.80892,FR,France
651,6092122,Oakville,3,43.45011,-79.68292,CA,Canada
652,5381305,Parkway,3,38.49602,-121.45884,US,United States
653,3018279,Fleury-Mérogis,3,48.6373,2.36378,FR,France
654,2640194,Plymouth,3,50.37153,-4.14305,GB,United Kingdom
655,3165803,Teramo,3,42.66123,13.69901,IT,Italy
656,3151719,Hov,3,60.6987,10.35193,NO,Norway
657,598316,Kaunas,3,54.90272,23.90961,LT,Lithuania
658,128234,Kerman,3,30.28321,57.07879,IR,Iran
659,5911606,Burnaby,3,49.26636,-122.95263,CA,Canada
660,3012834,Illkirch-Graffenstaden,3,48.52894,7.71523,FR,France
661,588409,Tallinn,3,59.43696,24.75353,EE,Estonia
662,2640677,Paisley,3,55.83173,-4.43254,GB,United Kingdom
663,2655046,Box,3,51.41472,-2.24556,GB,United Kingdom
664,1692192,Quezon City,3,14.6488,121.0509,PH,Philippines
665,2653228,Chester,3,53.1905,-2.89189,GB,United Kingdom
666,5855927,Hilo,3,19.72991,-155.09073,US,United States
667,2641319,Lancing,3,50.82882,-0.32247,GB,United Kingdom
668,554234,Kaliningrad,3,54.70649,20.51095,RU,Russia
669,1701668,Manila,3,14.6042,120.9822,PH,Philippines
670,5506956,Las Vegas,3,36.17497,-115.13722,US,United States
671,3083829,Szczecin,3,53.42894,14.55302,PL,Poland
672,5317058,Tempe,3,33.41477,-111.90931,US,United States
673,3109453,Barakaldo,3,43.29639,-2.98813,ES,Spain
674,5720727,Corvallis,3,44.56457,-123.26204,US,United States
675,2646057,Ipswich,3,52.05917,1.15545,GB,United Kingdom
676,5505411,Henderson,3,36.0397,-114.98194,US,United States
677,3110044,Donostia / San Sebastián,3,43.31283,-1.97499,ES,Spain
678,5476825,Los Alamos,3,35.88808,-106.30697,US,United States
679,5475352,Las Cruces,3,32.31232,-106.77834,US,United States
680,3076915,Dolní Břežany,3,49.96321,14.4585,CZ,Czechia
681,3071961,Liberec,3,50.76711,15.05619,CZ,Czechia
682,5423294,Golden,3,39.75554,-105.2211,US,United States
683,3119841,A Coruña,3,43.37135,-8.396,ES,Spain
684,3069011,Olomouc,3,49.59552,17.25175,CZ,Czechia
685,3127461,Burgos,3,42.34106,-3.70184,ES,Spain
686,3068799,Ostrava,3,49.83465,18.28204,CZ,Czechia
687,1814906,Chongqing,3,29.56278,106.55278,CN,China
688,2990970,Nanterre,3,48.89198,2.20675,FR,France
689,5267820,Portland,3,43.76886,-90.85819,US,United States
690,2144729,Wantirna,3,-37.85,145.21667,AU,Australia
691,4862034,Iowa City,3,41.66113,-91.53017,US,United States
692,4846834,Ames,3,42.03471,-93.61994,US,United States
693,4209448,Milledgeville,3,33.08014,-83.2321,US,United States
694,4274994,Manhattan,3,39.18361,-96.57167,US,United States
695,4276614,Olathe,3,38.8814,-94.81913,US,United States
696,4841001,Portland,3,41.57288,-72.64065,US,United States
697,4834040,Enfield,3,41.97621,-72.59176,US,United States
698,2271772,Amadora,3,38.75382,-9.23083,PT,Portugal
699,4356847,Greenbelt,3,39.00455,-76.87553,US,United States
700,2270157,Carnaxide,3,38.72706,-9.24671,PT,Portugal
701,4830796,Auburn,3,32.60986,-85.48078,US,United States
702,4824515,Terra Alta,3,39.44565,-79.54644,US,United States
703,2265464,Oeiras,3,38.69105,-9.31085,PT,Portugal
704,2633708,Wokingham,3,51.4112,-0.83565,GB,United Kingdom
705,4501018,Camden,3,39.92595,-75.11962,US,United States
706,4772354,McLean,3,38.93428,-77.17748,US,United States
707,4505542,Athens,3,39.32924,-82.10126,US,United States
708,4520081,Oak Hill,3,38.89396,-82.57349,US,United States
709,4543762,Norman,3,35.22257,-97.43948,US,United States
710,4758390,Falls Church,3,38.88233,-77.17109,US,United States
711,4650946,Portland,3,36.58171,-86.51638,US,United States
712,4738214,Tyler,3,32.35126,-95.30106,US,United States
713,2172563,Camperdown,3,-33.88965,151.17642,AU,Australia
714,4692883,Galveston,3,29.30135,-94.7977,US,United States
715,4734825,Sugar Land,3,29.61968,-95.63495,US,United States
716,2163355,Hobart,3,-42.87936,147.32941,AU,Australia
717,4885186,Blue Island,3,41.65726,-87.68005,US,United States
718,4167147,Orlando,3,28.53834,-81.37924,US,United States
719,4143861,Newark,3,39.68372,-75.74966,US,United States
720,2460596,Bamako,3,12.65,-8,ML,Mali
721,2633563,Worcester,3,52.18935,-2.22001,GB,United Kingdom
722,3178229,Como,3,45.80819,9.0832,IT,Italy
723,3179781,Cassino,3,41.48581,13.82835,IT,Italy
724,5197842,Lewisburg,3,40.96453,-76.88441,US,United States
725,5170691,Sandusky,3,41.44894,-82.70796,US,United States
726,3182635,Aviano,3,46.07056,12.59472,IT,Italy
727,5132058,Portland,3,42.37978,-79.46755,US,United States
728,3191281,Sarajevo,3,43.84864,18.35644,BA,Bosnia and Herzegovina
729,2524170,Messina,3,38.19394,15.55256,IT,Italy
730,2520600,Cadiz,3,36.52672,-6.2891,ES,Spain
731,3403642,Campina Grande,3,-7.23056,-35.88111,BR,Brazil
732,3405870,Belém,3,-1.45583,-48.50444,BR,Brazil
733,5110302,Brooklyn,3,40.6501,-73.94958,US,United States
734,2519752,Castelló de la Plana,3,39.98567,-0.04935,ES,Spain
735,2519402,Ciudad Real,3,38.98626,-3.92907,ES,Spain
736,251833,Volos,3,39.36103,22.94248,GR,Greece
737,3469058,Brasília,3,-15.77972,-47.92972,BR,Brazil
738,1859307,Kitakyushu,3,33.85181,130.85034,JP,Japan
739,5006314,Portland,3,42.8692,-84.90305,US,United States
740,4996572,Houghton,3,47.12187,-88.56901,US,United States
741,4994358,Grand Rapids,3,42.96336,-85.66809,US,United States
742,1860827,Kagoshima,3,31.56667,130.55,JP,Japan
743,4943629,Medford,3,42.41843,-71.10616,US,United States
744,4925037,Portland,3,40.43449,-84.97775,US,United States
745,3995465,Monterrey,3,25.67507,-100.31847,MX,Mexico
746,3012649,Issy-les-Moulineaux,3,48.82104,2.27718,FR,France
747,4720131,Portland,3,27.87725,-97.32388,US,United States
748,6324729,Halifax,3,44.64533,-63.57239,CA,Canada
749,698740,Odessa,3,46.47747,30.73262,UA,Ukraine
750,2774326,Klagenfurt am Wörthersee,3,46.62472,14.30528,AT,Austria
751,2821164,Trier,3,49.75565,6.63935,DE,Germany
752,2842647,Saarbrücken,3,49.23262,7.00982,DE,Germany
753,2990363,Nîmes,3,43.83378,4.35962,FR,France
754,2758460,Boxtel,3,51.59083,5.32917,NL,Netherlands
755,294801,Haifa,3,32.81841,34.9885,IL,Israel
756,1275817,Bhubaneshwar,3,20.27241,85.83385,IN,India
757,2841648,Sankt Augustin,3,50.77538,7.197,DE,Germany
758,6535289,Veruno,3,45.68887,8.52863,IT,Italy
759,2839763,Schenefeld,3,54.05,9.48333,DE,Germany
760,2929670,Erfurt,3,50.9787,11.03283,DE,Germany
761,2747351,'s-Hertogenbosch,3,51.69917,5.30417,NL,Netherlands
762,759734,Rzeszów,3,50.04132,21.99901,PL,Poland
763,2809346,Wiesbaden,3,50.08258,8.24932,DE,Germany
764,2781017,Deutsch-Wagram,3,48.29972,16.56667,AT,Austria
765,2960316,Luxembourg,3,49.61167,6.13,LU,Luxembourg
766,616052,Yerevan,3,40.18111,44.51361,AM,Armenia
767,2857458,Oldenburg,3,53.14118,8.21467,DE,Germany
768,923295,Zomba,3,-15.38596,35.3188,MW,Malawi
769,2995916,Marcoussis,3,48.64026,2.23858,FR,France
770,964137,Pretoria,3,-25.74486,28.18783,ZA,South Africa
771,2998517,Libourne,3,44.91667,-0.23333,FR,France
772,7281936,West Kelowna,3,49.8625,-119.58333,CA,Canada
773,2953402,Bad Mergentheim,3,49.4925,9.77361,DE,Germany
774,739600,Sinop,3,42.02683,35.16253,TR,Turkey
775,2997577,Lorient,3,47.75,-3.36667,FR,France
776,2984114,Reims,3,49.25,4.03333,FR,France
777,655194,Jyväskylä,3,62.24147,25.72088,FI,Finland
778,115019,Shiraz,3,29.61031,52.53113,IR,Iran
779,1267995,Kanpur,3,26.46523,80.34975,IN,India
780,2938190,Denzlingen,3,48.06667,7.88333,DE,Germany
781,740264,Samsun,3,41.27976,36.3361,TR,Turkey
782,1262321,Mysore,3,12.29791,76.63925,IN,India
783,721592,Csongrád,3,46.71332,20.14241,HU,Hungary
784,6943568,Woolloongabba,2,-27.48855,153.03655,AU,Australia
785,3204186,Bijeljina,2,44.75874,19.21437,BA,Bosnia and Herzegovina
786,5120478,Hempstead,2,40.70621,-73.61874,US,United States
787,2947444,Böblingen,2,48.68212,9.01171,DE,Germany
788,2786578,Sint-Niklaas,2,51.16509,4.1437,BE,Belgium
789,3426691,Stanley,2,-51.69382,-57.85701,FK,Falkland Islands
790,3429886,Posadas,2,-27.36708,-55.89608,AR,Argentina
791,3432043,La Plata,2,-34.92145,-57.95453,AR,Argentina
792,5104836,South Orange,2,40.74899,-74.26126,US,United States
793,1854383,Okayama,2,34.65,133.93333,JP,Japan
794,5102729,Plainsboro Center,2,40.33177,-74.5946,US,United States
795,3444924,Vitória,2,-20.31944,-40.33778,BR,Brazil
796,1185128,Rājshāhi,2,24.374,88.60114,BD,Bangladesh
797,3449701,Santo André,2,-23.66389,-46.53833,BR,Brazil
798,706448,Kherson,2,46.65581,32.6178,UA,Ukraine
799,5101798,Newark,2,40.73566,-74.17237,US,United States
800,3195506,Maribor,2,46.55472,15.64667,SI,Slovenia
801,3002984,Le Pecq,2,48.89317,2.10371,FR,France
802,5128514,New Hyde Park,2,40.7351,-73.68791,US,United States
803,3193044,Podgorica,2,42.44111,19.26361,ME,Montenegro
804,1804430,Lanzhou,2,36.05701,103.83987,CN,China
805,2750521,Naarden,2,52.29583,5.1625,NL,Netherlands
806,1810821,Fuzhou,2,26.06139,119.30611,CN,China
807,2636671,Street,2,51.12472,-2.74,GB,United Kingdom
808,1814087,Dalian,2,38.91222,121.60222,CN,China
809,5334223,Carlsbad,2,33.15809,-117.35059,US,United States
810,2971041,Valenciennes,2,50.35,3.53333,FR,France
811,3172629,Monza,2,45.58005,9.27246,IT,Italy
812,2970777,Vannes,2,47.6579,-2.75574,FR,France
813,2633858,Winchester,2,51.06513,-1.3187,GB,United Kingdom
814,3174638,Lodi,2,45.30989,9.50085,IT,Italy
815,5294810,Flagstaff,2,35.19807,-111.65127,US,United States
816,3176746,Forlì,2,44.22177,12.04144,IT,Italy
817,3176885,Foggia,2,41.45845,15.55188,IT,Italy
818,665087,Timişoara,2,45.75372,21.22571,RO,Romania
819,3177090,Ferrara,2,44.83804,11.62057,IT,Italy
820,3177700,Cuneo,2,44.39071,7.54828,IT,Italy
821,2965768,Carlow,2,52.84083,-6.92611,IE,Ireland
822,671768,Oradea,2,47.0458,21.91833,RO,Romania
823,2620431,Herlev,2,55.72366,12.43998,DK,Denmark
824,2759899,Alkmaar,2,52.63167,4.74861,NL,Netherlands
825,5186327,Danville,2,40.96342,-76.61273,US,United States
826,256866,Mytilene,2,39.10772,26.55529,GR,Greece
827,5140405,Syracuse,2,43.04812,-76.14742,US,United States
828,3456283,Niterói,2,-22.88333,-43.10361,BR,Brazil
829,2562619,Victoria,2,36.04444,14.23972,MT,Malta
830,5139097,Sparkill,2,41.03121,-73.92708,US,United States
831,2763266,Tulln,2,48.32829,16.05858,AT,Austria
832,2953436,Bad Homburg vor der Höhe,2,50.22683,8.61816,DE,Germany
833,5139865,Stony Brook,2,40.92565,-73.14094,US,United States
834,3590979,Quetzaltenango,2,14.83472,-91.51806,GT,Guatemala
835,5100007,Kenilworth,2,40.67649,-74.2907,US,United States
836,2253354,Dakar,2,14.6937,-17.44406,SN,Senegal
837,2826082,Strausberg,2,52.57859,13.88741,DE,Germany
838,2302357,Cape Coast,2,5.10535,-1.2466,GH,Ghana
839,4335045,New Orleans,2,29.95465,-90.07507,US,United States
840,4838633,Middletown,2,41.56232,-72.65065,US,United States
841,2298890,Kumasi,2,6.68848,-1.62443,GH,Ghana
842,2122104,Petropavlovsk-Kamchatsky,2,53.04444,158.65076,RU,Russia
843,4355843,Gaithersburg,2,39.14344,-77.20137,US,United States
844,760924,Puławy,2,51.41655,21.96939,PL,Poland
845,2268406,Évora,2,38.56667,-7.9,PT,Portugal
846,4447161,Starkville,2,33.45049,-88.81961,US,United States
847,2267095,Leiria,2,39.74362,-8.80705,PT,Portugal
848,4460162,Chapel Hill,2,35.9132,-79.05584,US,United States
849,10630003,Xuzhou,2,34.20442,117.28386,CN,China
850,787657,Niš,2,43.32472,21.90333,RS,Serbia
851,2111749,Naka,2,36.05,140.16667,JP,Japan
852,286282,Sohar,2,24.34745,56.70937,OM,Oman
853,4758023,Fairfax,2,38.84622,-77.30637,US,United States
854,2192362,Christchurch,2,-43.53333,172.63333,NZ,New Zealand
855,2154219,Orange,2,-33.28397,149.10018,AU,Australia
856,4634946,Knoxville,2,35.96064,-83.92074,US,United States
857,4641239,Memphis,2,35.14953,-90.04898,US,United States
858,4744468,Annandale,2,38.83039,-77.19637,US,United States
859,890299,Harare,2,-17.82772,31.05337,ZW,Zimbabwe
860,4672989,Beaumont,2,30.08605,-94.10185,US,United States
861,286621,Şalālah,2,17.01505,54.09237,OM,Oman
862,2171507,Wollongong,2,-34.424,150.89345,AU,Australia
863,935214,Saint-Pierre,2,-21.3393,55.47811,RE,Réunion
864,4709090,Marble Falls,2,30.57841,-98.27507,US,United States
865,107797,Dhahran,2,26.28864,50.11396,SA,Saudi Arabia
866,233508,Entebbe,2,0.05621,32.47949,UG,Uganda
867,706483,Kharkiv,2,49.98081,36.25272,UA,Ukraine
868,2931574,Eisenach,2,50.9807,10.31522,DE,Germany
869,3464975,Curitiba,2,-25.42778,-49.27306,BR,Brazil
870,2512862,Paterna,2,39.50263,-0.44079,ES,Spain
871,2506999,Annaba,2,36.9,7.76667,DZ,Algeria
872,5084868,Concord,2,43.20814,-71.53757,US,United States
873,250090,Zarqa,2,32.07275,36.08796,JO,Jordan
874,3578959,Les Abymes,2,16.273,-61.50507,GP,Guadeloupe
875,3167186,San Vito al Tagliamento,2,45.9168,12.85945,IT,Italy
876,1894616,Okinawa,2,26.33583,127.80139,JP,Japan
877,2473493,Monastir,2,35.77799,10.82617,TN,Tunisia
878,3836277,Santa Fe de la Vera Cruz,2,-31.64881,-60.70868,AR,Argentina
879,4936174,Falmouth,2,41.5515,-70.61475,US,United States
880,2932069,Eichstätt,2,48.88854,11.19675,DE,Germany
881,3868707,Valdivia,2,-39.81422,-73.24589,CL,Chile
882,4929023,Amherst Center,2,42.37537,-72.51925,US,United States
883,2339354,Ibadan,2,7.37756,3.90591,NG,Nigeria
884,3911925,La Paz,2,-16.5,-68.15,BO,Bolivia
885,4924006,Muncie,2,40.19338,-85.38636,US,United States
886,492396,Skolkovo,2,55.68784,37.36836,RU,Russia
887,4014338,Chihuahua,2,28.63528,-106.08889,MX,Mexico
888,4033910,Papetoai,2,-17.49538,-149.87437,PF,French Polynesia
889,728193,Plovdiv,2,42.15,24.75,BG,Bulgaria
890,4116834,Jonesboro,2,35.8423,-90.70428,US,United States
891,4121297,Mena,2,34.58622,-94.23966,US,United States
892,4145381,Wilmington,2,39.74595,-75.54659,US,United States
893,4164138,Miami,2,25.77427,-80.19366,US,United States
894,2810919,Werdohl,2,51.26011,7.76608,DE,Germany
895,735640,Komotiní,2,41.11917,25.40535,GR,Greece
896,418863,Isfahan,2,32.65246,51.67462,IR,Iran
897,1800716,Mengla,2,21.46859,101.55069,CN,China
898,3182007,Bisceglie,2,41.24264,16.50104,IT,Italy
899,3167096,Sassari,2,40.72586,8.55552,IT,Italy
900,2646914,High Wycombe,2,51.62907,-0.74934,GB,United Kingdom
901,3068582,Pardubice,2,50.04075,15.77659,CZ,Czechia
902,1648473,Bogor,2,-6.59444,106.78917,ID,Indonesia
903,2690580,Nacka,2,59.31053,18.16372,SE,Sweden
904,2691459,Mölndal,2,57.6554,12.01378,SE,Sweden
905,2692969,Malmö,2,55.60587,13.00073,SE,Sweden
906,565614,Dolgoprudnyy,2,55.94958,37.50183,RU,Russia
907,618426,Chisinau,2,47.00556,28.8575,MD,Moldova
908,2651587,Dalkeith,2,55.89317,-3.06806,GB,United Kingdom
909,2987914,Perpignan,2,42.69764,2.89541,FR,France
910,5596475,Idaho Falls,2,43.46658,-112.03414,US,United States
911,2701680,Karlstad,2,59.3793,13.50357,SE,Sweden
912,3104707,Villaviciosa,2,43.48126,-5.43574,ES,Spain
913,3064079,Třeboň,2,49.00364,14.77065,CZ,Czechia
914,3105976,Vigo,2,42.23282,-8.72264,ES,Spain
915,2646088,Inverness,2,57.47908,-4.22398,GB,United Kingdom
916,3108288,Tarragona,2,41.11667,1.25,ES,Spain
917,2981609,Saint-Aubin,2,47.03336,5.32666,FR,France
918,5425043,Highlands Ranch,2,39.55388,-104.96943,US,United States
919,1734634,Ipoh,2,4.5841,101.0829,MY,Malaysia
920,5412347,Aurora,2,39.72943,-104.83192,US,United States
921,3118514,Lleida,2,41.61674,0.62218,ES,Spain
922,2643010,Marlborough,2,51.42027,-1.72949,GB,United Kingdom
923,3121960,Fuenlabrada,2,40.28419,-3.79415,ES,Spain
924,2642465,Milton Keynes,2,52.04172,-0.75583,GB,United Kingdom
925,2653225,Chesterfield,2,53.25,-1.41667,GB,United Kingdom
926,5808276,Richland,2,46.28569,-119.28446,US,United States
927,5392323,San Luis Obispo,2,35.28275,-120.65962,US,United States
928,1508291,Chelyabinsk,2,55.15402,61.42915,RU,Russia
929,2659190,Plan-les-Ouates,2,46.16789,6.11664,CH,Switzerland
930,3006787,La Rochelle,2,46.16667,-1.15,FR,France
931,2660716,Frick,2,47.51169,8.02471,CH,Switzerland
932,2657970,Winterthur,2,47.50564,8.72413,CH,Switzerland
933,2660971,Dübendorf,2,47.39724,8.61872,CH,Switzerland
934,6086871,Nelson,2,49.49985,-117.28553,CA,Canada
935,604490,Luleå,2,65.58415,22.15465,SE,Sweden
936,3024783,Clamart,2,48.80299,2.26692,FR,France
937,5975503,Hinton,2,53.40009,-117.58567,CA,Canada
938,3029931,Bron,2,45.73333,4.91667,FR,France
939,2655095,Bournemouth,2,50.72048,-1.8795,GB,United Kingdom
940,2994144,Meudon,2,48.81381,2.235,FR,France
941,2661599,Bassersdorf,2,47.44342,8.62851,CH,Switzerland
942,2993458,Monaco,2,43.73333,7.41667,MC,Monaco
943,1273793,Cuncolim,2,15.1773,73.99392,IN,India
944,3036823,Arpajon,2,48.58875,2.24672,FR,France
945,3037423,Antony,2,48.75329,2.29668,FR,France
946,2661039,Davos,2,46.80429,9.83723,CH,Switzerland
947,5911592,Burlington,2,43.38621,-79.83713,CA,Canada
948,2661567,Bellinzona,2,46.19278,9.01703,CH,Switzerland
949,3038354,Aix-en-Provence,2,43.5283,5.44973,FR,France
950,159492,Ifakara,2,-8.13333,36.68333,TZ,Tanzania
951,3052009,Győr,2,47.68333,17.63512,HU,Hungary
952,101628,Tabuk,2,28.3998,36.57151,SA,Saudi Arabia
953,6543862,Villeneuve-d'Ascq,2,50.61669,3.16664,FR,France
954,3099230,Gliwice,2,50.29761,18.67658,PL,Poland
955,5392171,San Jose,2,37.33939,-121.89496,US,United States
956,2746301,Tilburg,2,51.55551,5.0913,NL,Netherlands
957,2638671,Salford,2,53.48771,-2.29042,GB,United Kingdom
958,2978170,Saint-Maurice,2,48.82182,2.42716,FR,France
959,2638419,Scarborough,2,54.27966,-0.40443,GB,United Kingdom
960,2637958,Shipley,2,53.83333,-1.76667,GB,United Kingdom
961,5387877,Riverside,2,33.95335,-117.39616,US,United States
962,2749812,Noordwijk-Binnen,2,52.234,4.44474,NL,Netherlands
963,2748413,Purmerend,2,52.505,4.95972,NL,Netherlands
964,1793511,Taiyuan,2,37.86944,112.56028,CN,China
965,3164603,Venice,2,45.43713,12.33265,IT,Italy
966,2972284,Tourcoing,2,50.72391,3.16117,FR,France
967,3159016,Drammen,2,59.74389,10.20449,NO,Norway
968,2973495,Talence,2,44.80477,-0.59543,FR,France
969,2639093,Rotherham,2,53.43012,-1.35678,GB,United Kingdom
970,3164419,Vicenza,2,45.54672,11.5475,IT,Italy
971,3166706,Seriate,2,45.68532,9.72487,IT,Italy
972,3166989,Scandiano,2,44.5983,10.69558,IT,Italy
973,2156813,Mosman,2,-33.83902,151.23956,AU,Australia
974,3162657,Asker,2,59.83333,10.43721,NO,Norway
975,5386015,Rancho Mirage,1,33.73974,-116.41279,US,United States
976,2037013,Harbin,1,45.75,126.65,CN,China
977,2035399,Songyuan,1,45.12902,124.82769,CN,China
978,5879400,Anchorage,1,61.21806,-149.90028,US,United States
979,1258526,Ranchi,1,23.34316,85.3094,IN,India
980,665850,Suceava,1,47.63333,26.25,RO,Romania
981,756688,Trzebownisko,1,50.07829,22.03712,PL,Poland
982,1526273,Astana,1,51.1801,71.44598,KZ,Kazakhstan
983,6174041,Victoria,1,48.43294,-123.3693,CA,Canada
984,655692,Jokioinen,1,60.80162,23.48004,FI,Finland
985,5386834,Redwood City,1,37.48522,-122.23635,US,United States
986,4911600,Skokie,1,42.03336,-87.73339,US,United States
987,2112141,Kōriyama,1,37.4,140.38333,JP,Japan
988,5807540,Pullman,1,46.73127,-117.17962,US,United States
989,5887916,Athabasca,1,54.71687,-113.28537,CA,Canada
990,4839292,New Britain,1,41.66121,-72.77954,US,United States
991,2034937,Shenyang,1,41.79222,123.43278,CN,China
992,1581130,Hanoi,1,21.0245,105.84117,VN,Vietnam
993,4899581,Lemont,1,41.67364,-88.00173,US,United States
994,4843786,Storrs,1,41.80843,-72.24952,US,United States
995,1815456,Changzhou,1,31.77359,119.95401,CN,China
996,4890119,Downers Grove,1,41.80892,-88.01117,US,United States
997,2110556,Yamagata,1,38.23333,140.36667,JP,Japan
998,1795940,Shantou,1,23.36814,116.71479,CN,China
999,112214,Varāmīn,1,35.3242,51.6457,IR,Iran
1000,111453,Zanjān,1,36.67642,48.49628,IR,Iran
1001,1642911,Jakarta,1,-6.21462,106.84513,ID,Indonesia
1002,4852640,Coralville,1,41.6764,-91.58045,US,United States
1003,1815463,Changzhi,1,35.20889,111.73861,CN,China
1004,735914,Kateríni,1,40.26956,22.50608,GR,Greece
1005,5786882,Bellevue,1,47.61038,-122.20068,US,United States
1006,5848189,Kaneohe,1,21.39994,-157.79895,US,United States
1007,4907637,River Forest,1,41.89781,-87.81395,US,United States
1008,664518,Tulcea,1,45.1787,28.80501,RO,Romania
1009,728203,Pleven,1,43.41667,24.61667,BG,Bulgaria
1010,1258044,Roorkee,1,29.86632,77.89118,IN,India
1011,759412,Siedlce,1,52.16772,22.29006,PL,Poland
1012,4835797,Hartford,1,41.76371,-72.68509,US,United States
1013,5364134,La Verne,1,34.10084,-117.76784,US,United States
1014,8288537,West Perth,1,-31.94896,115.84199,AU,Australia
1015,132144,Hamadān,1,34.79922,48.51456,IR,Iran
1016,5378538,Oakland,1,37.80437,-122.2708,US,United States
1017,1806146,Lin’an,1,23.60255,102.83092,CN,China
1018,128747,Karaj,1,35.83266,50.99155,IR,Iran
1019,2155472,Newcastle,1,-32.92715,151.77647,AU,Australia
1020,1283240,Kathmandu,1,27.70169,85.3206,NP,Nepal
1021,1799397,Ningbo,1,29.87819,121.54945,CN,China
1022,8469294,Notre Dame,1,41.70019,-86.23793,US,United States
1023,4771075,Lynchburg,1,37.41375,-79.14225,US,United States
1024,1282931,Pātan,1,27.67658,85.31417,NP,Nepal
1025,1804879,Kaifeng,1,34.7986,114.30742,CN,China
1026,6101141,Penticton,1,49.48062,-119.58584,CA,Canada
1027,6146143,Sherbrooke,1,45.40008,-71.89908,CA,Canada
1028,933773,Gaborone,1,-24.65451,25.90859,BW,Botswana
1029,6119448,Renfrew,1,45.46681,-76.68272,CA,Canada
1030,473247,Vladimir,1,56.13655,40.39658,RU,Russia
1031,5374175,Monrovia,1,34.14806,-117.99895,US,United States
1032,4770817,Lovettsville,1,39.2726,-77.63666,US,United States
1033,1018725,Bloemfontein,1,-29.12107,26.214,ZA,South Africa
1034,1796556,Sanya,1,18.24306,109.505,CN,China
1035,145459,Abadan,1,30.3392,48.3043,IR,Iran
1036,2027786,Amga,1,60.90009,131.97882,RU,Russia
1037,760778,Radom,1,51.40253,21.14714,PL,Poland
1038,5920288,Charlottetown,1,46.23899,-63.13414,CA,Canada
1039,593116,Vilnius,1,54.68916,25.2798,LT,Lithuania
1040,5338122,Clovis,1,36.82523,-119.70292,US,United States
1041,2138981,Païta,1,-22.13105,166.35717,NC,New Caledonia
1042,2139521,Nouméa,1,-22.27407,166.44884,NC,New Caledonia
1043,1503901,Kemerovo,1,55.33333,86.08333,RU,Russia
1044,5346646,Encinitas,1,33.03699,-117.29198,US,United States
1045,4771701,Marshall,1,38.86484,-77.85777,US,United States
1046,107304,Buraydah,1,26.32599,43.97497,SA,Saudi Arabia
1047,141681,Bandar Abbas,1,27.1865,56.2808,IR,Iran
1048,4776222,Norfolk,1,36.84681,-76.28522,US,United States
1049,766555,Legionowo,1,52.40149,20.92664,PL,Poland
1050,787237,Pančevo,1,44.87177,20.64167,RS,Serbia
1051,5350207,Fountain Valley,1,33.70918,-117.95367,US,United States
1052,140044,Borūjerd,1,33.8973,48.7516,IR,Iran
1053,132892,Gorgān,1,36.8427,54.44391,IR,Iran
1054,113646,Tabriz,1,38.08,46.2919,IR,Iran
1055,5147904,Boston Heights,1,41.26478,-81.51317,US,United States
1056,127349,Khorramabad,1,33.48778,48.35583,IR,Iran
1057,5113683,Copiague,1,40.68149,-73.39984,US,United States
1058,511196,Perm,1,58.01046,56.25017,RU,Russia
1059,1851348,Suzuka,1,34.88333,136.58333,JP,Japan
1060,6534216,Lumezzane,1,45.64789,10.26487,IT,Italy
1061,680332,Craiova,1,44.31667,23.8,RO,Romania
1062,1734439,Bedong,1,5.72743,100.50876,MY,Malaysia
1063,1732903,Shah Alam,1,3.08507,101.53281,MY,Malaysia
1064,545728,Komsomol’skiy,1,43.97833,46.69852,RU,Russia
1065,1261731,Nashik,1,19.99727,73.79096,IN,India
1066,5109797,Boston,1,42.62895,-78.73753,US,United States
1067,5475433,Las Vegas,1,35.59393,-105.2239,US,United States
1068,5106298,West Orange,1,40.79871,-74.23904,US,United States
1069,5490263,Santa Fe,1,35.68698,-105.9378,US,United States
1070,118743,Rasht,1,37.27611,49.58862,IR,Iran
1071,5491999,Socorro,1,34.0584,-106.89142,US,United States
1072,550280,Khimki,1,55.89704,37.42969,RU,Russia
1073,1267448,Katra,1,32.99167,74.93195,IN,India
1074,5187247,Doylestown,1,40.31011,-75.12989,US,United States
1075,1269515,Jaipur,1,26.91962,75.78781,IN,India
1076,5102713,Piscataway,1,40.49927,-74.39904,US,United States
1077,5113223,Cold Spring Harbor,1,40.87149,-73.45679,US,United States
1078,5119218,Great Neck,1,40.80066,-73.72846,US,United States
1079,1816080,Cangzhou,1,38.31667,116.86667,CN,China
1080,1279017,Alīgarh,1,27.88145,78.07464,IN,India
1081,1846052,Chinju,1,35.19278,128.08472,KR,South Korea
1082,5159537,Kent,1,41.15367,-81.35789,US,United States
1083,119208,Qom,1,34.6401,50.8764,IR,Iran
1084,1790645,Xiamen,1,24.47979,118.08187,CN,China
1085,5136334,Saratoga Springs,1,43.08313,-73.78457,US,United States
1086,1848354,Yokohama,1,35.43333,139.65,JP,Japan
1087,5129923,Orangeburg,1,41.04649,-73.94958,US,United States
1088,685590,Baloteşti,1,44.61667,26.11667,RO,Romania
1089,1788572,Nangandao,1,35.19033,113.80151,CN,China
1090,1787227,Yangzhou,1,32.39722,119.43583,CN,China
1091,1784658,Zhengzhou,1,34.75778,113.64861,CN,China
1092,6534564,Montescano,1,45.03196,9.28366,IT,Italy
1093,685948,Bacău,1,46.56718,26.91384,RO,Romania
1094,1771304,Kampong Baharu Balakong,1,3.03333,101.75,MY,Malaysia
1095,5174035,Toledo,1,41.66394,-83.55521,US,United States
1096,689558,Vinnytsya,1,49.23278,28.48097,UA,Ukraine
1097,5119226,Great Neck Plaza,1,40.78677,-73.72652,US,United States
1098,691650,Ternopil’,1,49.55342,25.58918,UA,Ukraine
1099,1241622,Kandy,1,7.2906,80.6336,LK,Sri Lanka
1100,1705536,Los Baños,1,14.17025,121.24181,PH,Philippines
1101,5519254,Colorado City,1,32.38817,-100.86456,US,United States
1102,5101775,New Providence,1,40.69843,-74.40154,US,United States
1103,1856177,Nagasaki,1,32.75,129.88333,JP,Japan
1104,7259649,Wright-Patterson AFB,1,39.81113,-84.05731,US,United States
1105,1926004,Wakayama,1,34.23333,135.16667,JP,Japan
1106,4956184,Worcester,1,42.26259,-71.80229,US,United States
1107,4955840,Wilmington,1,42.54648,-71.17367,US,United States
1108,200304,Bondo,1,0.23522,34.28086,KE,Kenya
1109,4948087,Provincetown,1,42.05295,-70.1864,US,United States
1110,4945819,Northampton,1,42.32509,-72.6412,US,United States
1111,725993,Veliko Tŭrnovo,1,43.08124,25.62904,BG,Bulgaria
1112,1821274,Macau,1,22.20056,113.54611,MO,Macao
1113,4942618,Lowell,1,42.63342,-71.31617,US,United States
1114,5713376,Beaverton,1,45.48706,-122.80371,US,United States
1115,2013348,Vladivostok,1,43.10562,131.87353,RU,Russia
1116,1271439,Gaya,1,24.79686,85.00385,IN,India
1117,5725846,Eugene,1,44.05207,-123.08675,US,United States
1118,1668399,Taichung,1,24.1469,120.6839,TW,Taiwan
1119,4928096,West Lafayette,1,40.42587,-86.90807,US,United States
1120,5145253,Yorktown Heights,1,41.27093,-73.77763,US,United States
1121,1651944,Vientiane,1,17.96667,102.6,LA,Laos
1122,1273294,Delhi,1,28.65195,77.23149,IN,India
1123,1821306,Phnom Penh,1,11.56245,104.91601,KH,Cambodia
1124,4990121,Crystal Falls,1,46.09801,-88.33402,US,United States
1125,724443,Košice,1,48.71395,21.25808,SK,Slovakia
1126,620127,Vitebsk,1,55.1904,30.2049,BY,Belarus
1127,5100356,Lawrenceville,1,40.29733,-74.7296,US,United States
1128,673706,Maşloc,1,45.99806,21.44972,RO,Romania
1129,5203197,New Hope,1,40.36427,-74.95128,US,United States
1130,1170295,Mirpur Khas,1,25.5276,69.01255,PK,Pakistan
1131,1839071,Pohang,1,36.02917,129.36481,KR,South Korea
1132,1857843,Maebashi,1,36.4,139.08333,JP,Japan
1133,6295508,Zürich (Kreis 7) / Hirslanden,1,47.3624,8.56755,CH,Switzerland
1134,1153671,Chiang Mai,1,18.79038,98.98468,TH,Thailand
1135,5074472,Omaha,1,41.25626,-95.94043,US,United States
1136,564719,Dubna,1,56.73333,37.16667,RU,Russia
1137,1859100,Kōfu,1,35.66667,138.56667,JP,Japan
1138,5586437,Boise,1,43.6135,-116.20345,US,United States
1139,1860704,Kakogawachō-honmachi,1,34.76943,134.82905,JP,Japan
1140,5375480,Mountain View,1,37.38605,-122.08385,US,United States
1141,500096,Ryazan’,1,54.6269,39.6916,RU,Russia
1142,717582,Miskolc,1,48.1,20.78333,HU,Hungary
1143,1138958,Kabul,1,34.52813,69.17233,AF,Afghanistan
1144,5641727,Bozeman,1,45.67965,-111.03856,US,United States
1145,1254649,Tanjore,1,10.78523,79.13909,IN,India
1146,2870318,Mittweida,1,50.98622,12.97537,DE,Germany
1147,4700168,Irving,1,32.81402,-96.94889,US,United States
1148,3034006,Beauvais,1,49.43333,2.08333,FR,France
1149,3027422,Chambéry,1,45.56465,5.92645,FR,France
1150,3028409,Castanet-Tolosan,1,43.51591,1.49864,FR,France
1151,2655562,Bishops Stortford,1,51.87113,0.15868,GB,United Kingdom
1152,3030257,Brétigny-sur-Orge,1,48.61135,2.30593,FR,France
1153,3030960,Bourgoin,1,45.58333,5.28333,FR,France
1154,3031137,Boulogne-Billancourt,1,48.83545,2.24128,FR,France
1155,2655009,Bracknell,1,51.41363,-0.75054,GB,United Kingdom
1156,3034126,Beaune,1,47.02413,4.83887,FR,France
1157,3026083,Châtillon,1,48.8024,2.29346,FR,France
1158,3036145,Aulnay-sous-Bois,1,48.93814,2.49402,FR,France
1159,3037540,Annecy-le-Vieux,1,45.91971,6.14393,FR,France
1160,3037543,Annecy,1,45.90621,6.1267,FR,France
1161,2654724,Brierley Hill,1,52.48173,-2.12139,GB,United Kingdom
1162,2654663,Brixham,1,50.39431,-3.51585,GB,United Kingdom
1163,3038334,Ajaccio,1,41.91886,8.73812,FR,France
1164,3038789,Abbeville,1,50.10521,1.83547,FR,France
1165,3026613,Charleville-Mézières,1,49.7685,4.72487,FR,France
1166,2656396,Bangor,1,54.65338,-5.66895,GB,United Kingdom
1167,304827,Manisa,1,38.61202,27.42647,TR,Turkey
1168,2660152,Kirchlindach,1,46.99965,7.41735,CH,Switzerland
1169,2700791,Kista,1,59.40316,17.94479,SE,Sweden
1170,2989317,Orléans,1,47.90289,1.90389,FR,France
1171,2989945,Nouzilly,1,47.54499,0.74623,FR,France
1172,2990265,Nogent-sur-Marne,1,48.83669,2.48255,FR,France
1173,2992367,Montivilliers,1,49.54518,0.18769,FR,France
1174,2994160,Metz,1,49.11911,6.17269,FR,France
1175,2994798,Meaux,1,48.96014,2.87885,FR,France
1176,3003603,Le Mans,1,48.00039,0.20471,FR,France
1177,3024066,Compiègne,1,49.41794,2.82606,FR,France
1178,2658576,Sitten,1,46.22739,7.35559,CH,Switzerland
1179,2658145,Vevey,1,46.46299,6.84345,CH,Switzerland
1180,2658060,Wallisellen,1,47.41499,8.59672,CH,Switzerland
1181,3018455,Firminy,1,45.38732,4.29074,FR,France
1182,3020392,Écully,1,45.77726,4.77481,FR,France
1183,2657613,Airdrie,1,55.86602,-3.98025,GB,United Kingdom
1184,2656719,Aylesbury,1,51.81665,-0.81458,GB,United Kingdom
1185,3046526,Pécs,1,46.08333,18.23333,HU,Hungary
1186,2654635,Broadstairs,1,51.35908,1.43938,GB,United Kingdom
1187,2987314,Pierre-Bénite,1,45.7009,4.82511,FR,France
1188,2645298,Kirkcaldy,1,56.11683,-3.15999,GB,United Kingdom
1189,3107677,Tortosa,1,40.81249,0.5216,ES,Spain
1190,3107775,Torrelavega,1,43.34943,-4.04785,ES,Spain
1191,3107784,Torrejón de Ardoz,1,40.45535,-3.46973,ES,Spain
1192,2645605,Kilmarnock,1,55.61171,-4.49581,GB,United Kingdom
1193,311046,İzmir,1,38.41273,27.13838,TR,Turkey
1194,3110519,Sant Joan Despí,1,41.36718,2.0574,ES,Spain
1195,3110718,Sant Cugat del Vallès,1,41.47063,2.08611,ES,Spain
1196,3111933,Reus,1,41.15612,1.10687,ES,Spain
1197,3104342,Zamora,1,41.50633,-5.74456,ES,Spain
1198,3112989,Pozuelo de Alarcón,1,40.43293,-3.81338,ES,Spain
1199,2645020,Lakenheath,1,52.41755,0.52211,GB,United Kingdom
1200,2644867,Larbert,1,56.02246,-3.82872,GB,United Kingdom
1201,2644487,Lincoln,1,53.22683,-0.53792,GB,United Kingdom
1202,3115093,Olot,1,42.18096,2.49012,ES,Spain
1203,3116503,Arrasate / Mondragón,1,43.06441,-2.48977,ES,Spain
1204,2643490,Lowestoft,1,52.47523,1.75167,GB,United Kingdom
1205,3106868,Valdemoro,1,40.19081,-3.67887,ES,Spain
1206,2647451,Harpenden,1,51.81684,-0.35706,GB,United Kingdom
1207,3056508,Žilina,1,49.22315,18.73941,SK,Slovakia
1208,2652586,Coleraine,1,55.13333,-6.66667,GB,United Kingdom
1209,3057124,Trnava,1,48.37741,17.58723,SK,Slovakia
1210,3058531,Nitra,1,48.30763,18.08453,SK,Slovakia
1211,3059436,Komárno,1,47.76356,18.12263,SK,Slovakia
1212,3063001,Vestec,1,49.9805,14.50487,CZ,Czechia
1213,3068020,Podolí,1,49.19042,16.72084,CZ,Czechia
1214,3068927,Opava,1,49.93866,17.90257,CZ,Czechia
1215,3074967,Hradec Králové,1,50.20923,15.83277,CZ,Czechia
1216,265243,Maroúsi,1,38.05,23.8,GR,Greece
1217,2648773,Gateshead,1,54.96209,-1.60168,GB,United Kingdom
1218,3078773,Břeclav,1,48.75897,16.88203,CZ,Czechia
1219,2652087,Cranfield,1,52.06869,-0.60884,GB,United Kingdom
1220,2651817,Croydon,1,51.38333,-0.1,GB,United Kingdom
1221,2651804,Crumlin,1,54.62054,-6.21414,GB,United Kingdom
1222,2650798,Dumfries,1,55.06959,-3.61139,GB,United Kingdom
1223,2649660,Farnham,1,51.21444,-0.80054,GB,United Kingdom
1224,3099424,Gdynia,1,54.51889,18.53188,PL,Poland
1225,2988358,Pau,1,43.3,-0.36667,FR,France
1226,2986822,Pleaux,1,45.13479,2.22652,FR,France
1227,3118532,León,1,42.60003,-5.57032,ES,Spain
1228,292672,Sharjah,1,25.33737,55.41206,AE,United Arab Emirates
1229,2818766,Unterschleißheim,1,48.28038,11.57684,DE,Germany
1230,2922583,Garching an der Alz,1,48.13451,12.58152,DE,Germany
1231,2923544,Fürth,1,49.47593,10.98856,DE,Germany
1232,2924585,Friedrichshafen,1,47.65689,9.47554,DE,Germany
1233,2814127,Warendorf,1,51.95109,7.98756,DE,Germany
1234,2810678,Wesel,1,51.6669,6.62037,DE,Germany
1235,2925535,Frankfurt (Oder),1,52.34714,14.55062,DE,Germany
1236,2928615,Ettlingen,1,48.94094,8.40763,DE,Germany
1237,2820693,Tuttlingen,1,47.98464,8.8177,DE,Germany
1238,2928751,Esslingen,1,48.73961,9.30473,DE,Germany
1239,2810587,Weßling,1,48.07452,11.2482,DE,Germany
1240,2801539,Bonheiden,1,51.02261,4.54714,BE,Belgium
1241,2797779,Geel,1,51.16557,4.98917,BE,Belgium
1242,2797713,Gembloux,1,50.56149,4.69889,BE,Belgium
1243,2935517,Dortmund,1,51.51494,7.466,DE,Germany
1244,2791537,Mechelen,1,51.02574,4.47762,BE,Belgium
1245,292223,Dubai,1,25.0657,55.17128,AE,United Arab Emirates
1246,2832232,Sigmaringen,1,48.08829,9.23033,DE,Germany
1247,2938253,Denkendorf,1,48.69555,9.31675,DE,Germany
1248,285787,Kuwait City,1,29.36972,47.97833,KW,Kuwait
1249,2869894,Mönchengladbach,1,51.18539,6.44172,DE,Germany
1250,2867445,Murnau am Staffelsee,1,47.68085,11.20125,DE,Germany
1251,2878879,Lengede,1,52.20487,10.30775,DE,Germany
1252,2881085,Langenfeld,1,51.10821,6.94831,DE,Germany
1253,2885679,Konstanz,1,47.66033,9.17582,DE,Germany
1254,2866135,Neubrandenburg,1,53.56414,13.27532,DE,Germany
1255,2859147,Oberschleißheim,1,48.25,11.56667,DE,Germany
1256,2853658,Pinneberg,1,53.66732,9.78936,DE,Germany
1257,2832495,Siegen,1,50.87481,8.02431,DE,Germany
1258,2848245,Rendsburg,1,54.30663,9.66313,DE,Germany
1259,2847690,Rheda-Wiedenbrück,1,51.84967,8.30017,DE,Germany
1260,2896514,Ilmenau,1,50.68322,10.91858,DE,Germany
1261,2844988,Rosenheim,1,47.85637,12.12247,DE,Germany
1262,2905891,Herne,1,51.5388,7.22572,DE,Germany
1263,2911271,Hameln,1,52.10397,9.35623,DE,Germany
1264,2838053,Schmallenberg,1,51.15473,8.28505,DE,Germany
1265,2791385,Melle,1,51.00232,3.80526,BE,Belgium
1266,2791315,Merelbeke,1,50.99447,3.74621,BE,Belgium
1267,2986795,Plérin,1,48.54249,-2.77983,FR,France
1268,2979783,Saint-Germain-en-Laye,1,48.89643,2.0904,FR,France
1269,2753801,Hoofddorp,1,52.3025,4.68889,NL,Netherlands
1270,2970313,Vaux-sur-Seine,1,49.01271,1.96942,FR,France
1271,2751792,Leeuwarden,1,53.20139,5.80859,NL,Netherlands
1272,2973385,Tarbes,1,43.23333,0.08333,FR,France
1273,2745467,Vlaardingen,1,51.9125,4.34167,NL,Netherlands
1274,2978758,Saint-Lô,1,49.11624,-1.09031,FR,France
1275,2979072,Saint-Julien-en-Genevois,1,46.14434,6.08256,FR,France
1276,2743477,Zwolle,1,52.5125,6.09444,NL,Netherlands
1277,2754064,Hilversum,1,52.22333,5.17639,NL,Netherlands
1278,2737824,Matosinhos,1,41.18207,-8.68908,PT,Portugal
1279,2715953,Eskilstuna,1,59.36661,16.5077,SE,Sweden
1280,2715459,Falun,1,60.60357,15.62597,SE,Sweden
1281,2983362,Roanne,1,46.03624,4.06802,FR,France
1282,2712414,Gävle,1,60.67452,17.14174,SE,Sweden
1283,2984493,Ramonville-Saint-Agne,1,43.54618,1.47491,FR,France
1284,2986495,Poitiers,1,46.58333,0.33333,FR,France
1285,2968749,Villefranche-sur-Mer,1,43.70392,7.31088,FR,France
1286,2754287,Heteren,1,51.95667,5.75556,NL,Netherlands
1287,2939623,Dachau,1,48.26,11.43402,DE,Germany
1288,2953386,Bad Oeynhausen,1,52.20699,8.80365,DE,Germany
1289,2791067,Mol,1,51.19188,5.11662,BE,Belgium
1290,2790869,Mons,1,50.45413,3.95229,BE,Belgium
1291,2944368,Bremerhaven,1,53.55021,8.57673,DE,Germany
1292,2790471,Namur,1,50.4669,4.86746,BE,Belgium
1293,2945756,Bottrop,1,51.52392,6.9285,DE,Germany
1294,2773913,Klosterneuburg,1,48.30521,16.32522,AT,Austria
1295,2772649,Leoben,1,47.3765,15.09144,AT,Austria
1296,2953398,Bad Münstereifel,1,50.55667,6.76424,DE,Germany
1297,2757244,Den Burg,1,53.05417,4.79722,NL,Netherlands
1298,2953548,Bad Berka,1,50.89982,11.28245,DE,Germany
1299,2958595,Albstadt,1,48.21644,9.02596,DE,Germany
1300,2960992,Waterford,1,52.25833,-7.11194,IE,Ireland
1301,2962334,Naas,1,53.21583,-6.66694,IE,Ireland
1302,2759887,Almelo,1,52.35667,6.6625,NL,Netherlands
1303,2759821,Amersfoort,1,52.155,5.3875,NL,Netherlands
1304,2759661,Arnhem,1,51.98,5.91111,NL,Netherlands
1305,2643339,Luton,1,51.87967,-0.41748,GB,United Kingdom
1306,3121424,Gijón,1,43.53573,-5.66152,ES,Spain
1307,2171400,Clayton,1,-37.91667,145.11667,AU,Australia
1308,379252,Khartoum,1,15.55177,32.53241,SD,Sudan
1309,3652941,Portoviejo,1,-1.05458,-80.45445,EC,Ecuador
1310,3657571,Guaranda,1,-1.59263,-79.00098,EC,Ecuador
1311,3658666,Cuenca,1,-2.90055,-79.00453,EC,Ecuador
1312,3667991,Sincé,1,9.24391,-75.14675,CO,Colombia
1313,3674453,Montería,1,8.74798,-75.88143,CO,Colombia
1314,2485926,Oran,1,35.69906,-0.63588,DZ,Algeria
1315,3687925,Cali,1,3.43722,-76.5225,CO,Colombia
1316,2473449,Kairouan,1,35.6781,10.09633,TN,Tunisia
1317,2875115,Lüneburg,1,53.2509,10.41409,DE,Germany
1318,3838583,Rosario,1,-32.94682,-60.63932,AR,Argentina
1319,2472706,Bizerte,1,37.27442,9.87391,TN,Tunisia
1320,2469274,Manouba,1,36.80803,10.09721,TN,Tunisia
1321,3870011,Temuco,1,-38.73965,-72.59842,CL,Chile
1322,2464915,Sousse,1,35.82539,10.63699,TN,Tunisia
1323,3877949,Osorno,1,-40.57395,-73.13348,CL,Chile
1324,3899539,Antofagasta,1,-23.65236,-70.3954,CL,Chile
1325,3652462,Quito,1,-0.22985,-78.52495,EC,Ecuador
1326,361058,Alexandria,1,31.20176,29.91582,EG,Egypt
1327,3985606,San Luis Potosí,1,22.14982,-100.97916,MX,Mexico
1328,349158,Shibīn al Kawm,1,30.55258,31.00904,EG,Egypt
1329,2515270,Las Palmas de Gran Canaria,1,28.09973,-15.41343,ES,Spain
1330,3452925,Porto Alegre,1,-30.03283,-51.23019,BR,Brazil
1331,2514891,Lorca,1,37.67119,-1.7017,ES,Spain
1332,3458449,Londrina,1,-23.31028,-51.16278,BR,Brazil
1333,3461408,Ilhéus,1,-14.79364,-39.03949,BR,Brazil
1334,3464460,Dourados,1,-22.22111,-54.80556,BR,Brazil
1335,3465105,Cruz das Almas,1,-12.67,-39.10194,BR,Brazil
1336,3522210,Pachuca de Soto,1,20.11697,-98.73329,MX,Mexico
1337,248946,Irbid,1,32.55556,35.85,JO,Jordan
1338,3523349,Mérida,1,20.97537,-89.61696,MX,Mexico
1339,3526617,Xalapa de Enríquez,1,19.53124,-96.91589,MX,Mexico
1340,3529947,Cuernavaca,1,18.9261,-99.23075,MX,Mexico
1341,3553478,Havana,1,23.13302,-82.38304,CU,Cuba
1342,3573732,Sangre Grande,1,10.58705,-61.13008,TT,Trinidad and Tobago
1343,3573890,Port of Spain,1,10.66668,-61.51889,TT,Trinidad and Tobago
1344,3575551,Basseterre,1,17.2955,-62.72499,KN,Saint Kitts and Nevis
1345,3947322,Arequipa,1,-16.39889,-71.535,PE,Peru
1346,3991164,Santiago de Querétaro,1,20.58806,-100.38806,MX,Mexico
1347,344979,Addis Ababa,1,9.02497,38.74689,ET,Ethiopia
1348,4520760,Oxford,1,39.507,-84.74523,US,United States
1349,4369596,Silver Spring,1,38.99067,-77.02609,US,United States
1350,2269514,Castelo Branco,1,39.82219,-7.49087,PT,Portugal
1351,2267827,Funchal,1,32.66568,-16.92547,PT,Portugal
1352,4429295,Hattiesburg,1,31.32712,-89.29034,US,United States
1353,4460243,Charlotte,1,35.22709,-80.84313,US,United States
1354,4487042,Raleigh,1,35.7721,-78.63861,US,United States
1355,2264268,Queluz,1,38.75657,-9.25451,PT,Portugal
1356,2233410,Buea,1,4.15342,9.24231,CM,Cameroon
1357,2294206,Wa,1,10.06069,-2.50192,GH,Ghana
1358,2232593,Douala,1,4.04827,9.70428,CM,Cameroon
1359,4561120,Scotland,1,39.9687,-77.58721,US,United States
1360,4574324,Charleston,1,32.77657,-79.93092,US,United States
1361,4632595,Jackson,1,35.61452,-88.81395,US,United States
1362,4633419,Johnson City,1,36.31344,-82.35347,US,United States
1363,2185018,Palmerston North,1,-40.35636,175.61113,NZ,New Zealand
1364,2176632,Bathurst,1,-33.41665,149.5806,AU,Australia
1365,4351335,Chevy Chase,1,39.00287,-77.07115,US,United States
1366,4348353,Beltsville,1,39.03483,-76.90747,US,United States
1367,4004898,Hermosillo,1,29.1026,-110.97732,MX,Mexico
1368,2399697,Libreville,1,0.39241,9.45356,GA,Gabon
1369,4013708,Ciudad Juárez,1,31.72024,-106.46084,MX,Mexico
1370,4110486,Fayetteville,1,36.06258,-94.15743,US,United States
1371,241443,Anse Royale,1,-4.73333,55.51667,SC,Seychelles
1372,415189,Aden,1,12.77944,45.03667,YE,Yemen
1373,2413876,Banjul,1,13.45274,-16.57803,GM,Gambia
1374,4160021,Jacksonville,1,30.33218,-81.65565,US,United States
1375,4160604,Juno Beach,1,26.87978,-80.05337,US,United States
1376,4174715,Tallahassee,1,30.43826,-84.28073,US,United States
1377,4346991,Adelphi,1,39.00317,-76.97192,US,United States
1378,4178919,Yulee,1,30.6319,-81.60649,US,United States
1379,4183849,Boston,1,30.79186,-83.78989,US,United States
1380,2337704,Ilesa,1,7.62789,4.74161,NG,Nigeria
1381,4273837,Kansas City,1,39.11417,-94.62746,US,United States
1382,4276873,Overland Park,1,38.98223,-94.67079,US,United States
1383,4281730,Wichita,1,37.69224,-97.33754,US,United States
1384,4315588,Baton Rouge,1,30.45075,-91.15455,US,United States
1385,3450083,Santa Maria,1,-29.68417,-53.80694,BR,Brazil
1386,3442585,Florida,1,-34.09556,-56.21417,UY,Uruguay
1387,3121437,Getafe,1,40.30571,-3.73295,ES,Spain
1388,2634910,Wakefield,1,53.68331,-1.49768,GB,United Kingdom
1389,3169561,Ravenna,1,44.41344,12.20121,IT,Italy
1390,3170006,Pozzilli,1,41.51142,14.06252,IT,Italy
1391,2636841,Stoke-on-Trent,1,53.00415,-2.18538,GB,United Kingdom
1392,3170797,Pietra Ligure,1,44.1492,8.28206,IT,Italy
1393,3171058,Piacenza,1,45.05242,9.69342,IT,Italy
1394,2635563,Tranent,1,55.94439,-2.95412,GB,United Kingdom
1395,2634966,Victoria,1,51.75,-3.2,GB,United Kingdom
1396,2634887,Walkden,1,53.51667,-2.4,GB,United Kingdom
1397,2636910,Stirling,1,56.11903,-3.93682,GB,United Kingdom
1398,2634677,Watford,1,51.65531,-0.39602,GB,United Kingdom
1399,3174051,Mantova,1,45.16031,10.79784,IT,Italy
1400,3174945,Lecco,1,45.85589,9.39704,IT,Italy
1401,2633729,Witney,1,51.7836,-1.4854,GB,United Kingdom
1402,2633709,Woking,1,51.31903,-0.55893,GB,United Kingdom
1403,3175786,Grosseto,1,42.76296,11.10941,IT,Italy
1404,2624019,Bjerringbro,1,56.37797,9.66065,DK,Denmark
1405,3169522,Reggio nell'Emilia,1,44.69825,10.63125,IT,Italy
1406,2636940,Stevenage,1,51.90224,-0.20256,GB,United Kingdom
1407,3177608,Desio,1,45.61831,9.20249,IT,Italy
1408,2640104,Pontypridd,1,51.6021,-3.34211,GB,United Kingdom
1409,2642607,Middlesbrough,1,54.57623,-1.23483,GB,United Kingdom
1410,3124132,Cuenca,1,40.06667,-2.13333,ES,Spain
1411,2641689,Newbury,1,51.40148,-1.32471,GB,United Kingdom
1412,2641589,Newquay,1,50.41557,-5.07319,GB,United Kingdom
1413,3134331,Tønsberg,1,59.26754,10.40762,NO,Norway
1414,2641267,North Shields,1,55.01646,-1.44925,GB,United Kingdom
1415,2640354,Peterborough,1,52.57364,-0.24777,GB,United Kingdom
1416,3162955,Arendal,1,58.46151,8.77253,NO,Norway
1417,3168414,San Donato Milanese,1,45.41047,9.26838,IT,Italy
1418,2639996,Portsmouth,1,50.79899,-1.09125,GB,United Kingdom
1419,3165035,Urbino,1,43.72621,12.63633,IT,Italy
1420,3165201,Treviso,1,45.66673,12.2416,IT,Italy
1421,3165624,Tivoli,1,41.95952,12.8016,IT,Italy
1422,3165926,Taranto,1,40.46438,17.24707,IT,Italy
1423,2637627,Slough,1,51.50949,-0.59541,GB,United Kingdom
1424,3168234,San Giovanni Rotondo,1,41.70643,15.7277,IT,Italy
1425,3177337,Este,1,45.22338,11.66379,IT,Italy
1426,3177876,Cotignola,1,44.38572,11.93852,IT,Italy
1427,2518494,El Ejido,1,36.77629,-2.81456,ES,Spain
1428,3387296,Sobral,1,-3.68611,-40.34972,BR,Brazil
1429,3189595,Subotica,1,46.1,19.66667,RS,Serbia
1430,3190261,Split,1,43.50891,16.43915,HR,Croatia
1431,3194360,Novi Sad,1,45.25167,19.83694,RS,Serbia
1432,2524907,Cosenza,1,39.2989,16.25307,IT,Italy
1433,323786,Ankara,1,39.91987,32.85427,TR,Turkey
1434,330186,Nazrēt,1,8.55,39.26667,ET,Ethiopia
1435,3372783,Ponta Delgada,1,[''],[''],[''],['']
1436,3392887,Patos,1,-7.02444,-37.28,BR,Brazil
1437,3185728,Durrës,1,41.32355,19.45469,AL,Albania
1438,3395981,Maceió,1,-9.66583,-35.73528,BR,Brazil
1439,2520058,Cartagena,1,37.60512,-0.98623,ES,Spain
1440,341297,Butajīra,1,8.11667,38.36667,ET,Ethiopia
1441,3427897,Suipacha,1,-34.7702,-59.68783,AR,Argentina
1442,3429399,Saladillo,1,-35.63708,-59.77788,AR,Argentina
1443,343137,Hawassa,1,7.06205,38.47635,ET,Ethiopia
1444,3435217,Corrientes,1,-27.46784,-58.8344,AR,Argentina
1445,252601,Trípoli,1,37.50889,22.37944,GR,Greece
1446,255274,Piraeus,1,37.94203,23.64619,GR,Greece
1447,2621356,Glostrup,1,55.6666,12.40377,DK,Denmark
1448,258620,Lamía,1,38.9,22.43333,GR,Greece
1449,3179655,Castellaneta,1,40.62794,16.9329,IT,Italy
1450,3180224,Casalecchio di Reno,1,44.47563,11.27495,IT,Italy
1451,2620147,Holbæk,1,55.7175,11.71279,DK,Denmark
1452,2619856,Hørsholm,1,55.88098,12.50111,DK,Denmark
1453,3181528,Brindisi,1,40.63215,17.93607,IT,Italy
1454,2615961,Nykøbing Falster,1,54.76906,11.87425,DK,Denmark
1455,2611828,Taastrup,1,55.65006,12.3016,DK,Denmark
1456,258576,Lárisa,1,39.63689,22.41761,GR,Greece
1457,3183719,Vlorë,1,40.4686,19.48318,AL,Albania
1458,3182210,Belluno,1,46.14262,12.2156,IT,Italy
1459,3182636,Avezzano,1,42.02896,13.42641,IT,Italy
1460,3182640,Aversa,1,40.97259,14.20745,IT,Italy
1461,3182714,Asti,1,44.90162,8.20751,IT,Italy
1462,3182854,Ariano Irpino-Martiri,1,41.16024,15.10625,IT,Italy
1463,3182884,Arezzo,1,43.46276,11.88068,IT,Italy
1464,3182997,Aosta,1,45.73764,7.31722,IT,Italy
1465,3623486,Heredia,1,10.00236,-84.11651,CR,Costa Rica
